Country,Date,TotalCases,NewCases,TotalDeaths,NewDeaths,TotalRecovered,NewRecovered,ActiveCases,"Serious,Critical",TotalTests,Population,Continent,1 Caseevery X ppl,1 Deathevery X ppl,1 Testevery X ppl,Active Cases/1M pop
Afghanistan,2023-03-02,209359,19,7896.0,0.0,191152.0,10,10311.0,45,1201475.0,40754388,Asia,195,"5,161",34.0,253.0
Afghanistan,2023-03-03,209362,3,7896.0,0.0,191155.0,4,10311.0,45,1201744.0,40754388,Asia,195,"5,161",34.0,253.0
Afghanistan,2023-03-04,209370,4,7896.0,0.0,191163.0,7,10311.0,45,1202018.0,40754388,Asia,195,"5,161",34.0,253.0
Afghanistan,2023-03-05,209390,20,7896.0,0.0,191224.0,31,10270.0,45,1202290.0,40754388,Asia,195,"5,161",34.0,252.0
Afghanistan,2023-03-06,209390,0,7896.0,0.0,191224.0,0,10270.0,45,1202290.0,40754388,Asia,195,"5,161",34.0,252.0
Albania,2023-03-02,334408,0,3596.0,0.0,329152.0,0,1660.0,0,1941032.0,2866374,Europe,9,797,1.0,579.0
Albania,2023-03-03,334427,19,3597.0,1.0,329170.0,17,1660.0,0,1941032.0,2866374,Europe,9,797,1.0,579.0
Albania,2023-03-04,334427,0,3597.0,0.0,329170.0,0,1660.0,0,1941032.0,2866374,Europe,9,797,1.0,579.0
Albania,2023-03-05,334427,0,3597.0,0.0,329170.0,0,1660.0,0,1941032.0,2866374,Europe,9,797,1.0,579.0
Albania,2023-03-06,334427,0,3597.0,0.0,329170.0,0,1660.0,0,1941032.0,2866374,Europe,9,797,1.0,579.0
Algeria,2023-03-02,271463,15,6881.0,0.0,182816.0,3,81766.0,0,230861.0,45350148,Africa,167,"6,591",196.0,1803.0
Algeria,2023-03-03,271469,6,6881.0,0.0,182776.0,2,81812.0,0,230861.0,45350148,Africa,167,"6,591",196.0,1804.0
Algeria,2023-03-04,271469,0,6881.0,0.0,182776.0,0,81812.0,0,230861.0,45350148,Africa,167,"6,591",196.0,1804.0
Algeria,2023-03-05,271477,8,6881.0,0.0,182784.0,4,81812.0,0,230861.0,45350148,Africa,167,"6,591",196.0,1804.0
Algeria,2023-03-06,271477,0,6881.0,0.0,182784.0,0,81812.0,0,230861.0,45350148,Africa,167,"6,591",196.0,1804.0
Angola,2023-03-02,105277,0,1933.0,0.0,103316.0,0,28.0,0,1499795.0,35027343,Africa,333,"18,121",23.0,0.8
Angola,2023-03-03,105277,0,1933.0,0.0,103316.0,0,28.0,0,1499795.0,35027343,Africa,333,"18,121",23.0,0.8
Angola,2023-03-04,105277,0,1933.0,0.0,103316.0,0,28.0,0,1499795.0,35027343,Africa,333,"18,121",23.0,0.8
Angola,2023-03-05,105277,0,1933.0,0.0,103316.0,0,28.0,0,1499795.0,35027343,Africa,333,"18,121",23.0,0.8
Angola,2023-03-06,105277,0,1933.0,0.0,103316.0,0,28.0,0,1499795.0,35027343,Africa,333,"18,121",23.0,0.8
Argentina,2023-03-02,10044125,0,130463.0,0.0,9909843.0,0,3819.0,363,35716069.0,46010234,South America,5,353,1.0,83.0
Argentina,2023-03-03,10044125,0,130463.0,0.0,9909843.0,0,3819.0,363,35716069.0,46010234,South America,5,353,1.0,83.0
Argentina,2023-03-04,10044125,0,130463.0,0.0,9909843.0,0,3819.0,363,35716069.0,46010234,South America,5,353,1.0,83.0
Argentina,2023-03-05,10044125,0,130463.0,0.0,9909843.0,0,3819.0,363,35716069.0,46010234,South America,5,353,1.0,83.0
Argentina,2023-03-06,10044125,0,130463.0,0.0,9909843.0,0,3819.0,363,35716069.0,46010234,South America,5,353,1.0,83.0
Armenia,2023-03-02,446819,0,8721.0,0.0,435162.0,0,2936.0,0,3242901.0,2971966,Asia,7,341,1.0,988.0
Armenia,2023-03-03,446819,0,8721.0,0.0,435162.0,0,2936.0,0,3242901.0,2971966,Asia,7,341,1.0,988.0
Armenia,2023-03-04,446819,0,8721.0,0.0,435162.0,0,2936.0,0,3242901.0,2971966,Asia,7,341,1.0,988.0
Armenia,2023-03-05,446819,0,8721.0,0.0,435162.0,0,2936.0,0,3242901.0,2971966,Asia,7,341,1.0,988.0
Armenia,2023-03-06,446819,0,8721.0,0.0,435162.0,0,2936.0,0,3242901.0,2971966,Asia,7,341,1.0,988.0
Australia,2023-03-02,11382795,2739,19447.0,13.0,11330032.0,2538,33316.0,36,78835048.0,26068792,Australia/Oceania,2,"1,341",0.0,1278.0
Australia,2023-03-03,11385534,2739,19459.0,12.0,11332577.0,2537,33498.0,27,78835048.0,26068792,Australia/Oceania,2,"1,340",0.0,1285.0
Australia,2023-03-04,11385534,0,19459.0,0.0,11332577.0,0,33498.0,27,78835048.0,26068792,Australia/Oceania,2,"1,340",0.0,1285.0
Australia,2023-03-05,11385534,0,19459.0,0.0,11332577.0,0,33498.0,27,78835048.0,26068792,Australia/Oceania,2,"1,340",0.0,1285.0
Australia,2023-03-06,11385534,0,19459.0,0.0,11332577.0,0,33498.0,27,78835048.0,26068792,Australia/Oceania,2,"1,340",0.0,1285.0
Austria,2023-03-02,5926309,6387,21906.0,8.0,5845832.0,3489,58571.0,81,211273524.0,9066710,Europe,2,414,0.0,6460.0
Austria,2023-03-03,5931247,4938,21907.0,1.0,5848611.0,2776,60729.0,81,211273524.0,9066710,Europe,2,414,0.0,6698.0
Austria,2023-03-04,5936806,5207,21921.0,2.0,5856160.0,6109,58725.0,72,211273524.0,9066710,Europe,2,414,0.0,6477.0
Austria,2023-03-05,5940935,4129,21922.0,1.0,5859816.0,3661,59197.0,72,211273524.0,9066710,Europe,2,414,0.0,6529.0
Austria,2023-03-06,5940935,0,21922.0,0.0,5859816.0,0,59197.0,72,211273524.0,9066710,Europe,2,414,0.0,6529.0
Azerbaijan,2023-03-02,828628,40,10122.0,3.0,818331.0,17,175.0,0,7529191.0,10300205,Asia,12,"1,018",1.0,17.0
Azerbaijan,2023-03-03,828648,20,10126.0,4.0,818347.0,24,175.0,0,7530018.0,10300205,Asia,12,"1,017",1.0,17.0
Azerbaijan,2023-03-04,828682,34,10127.0,1.0,818370.0,15,185.0,0,7531433.0,10300205,Asia,12,"1,017",1.0,18.0
Azerbaijan,2023-03-05,828721,39,10129.0,2.0,818386.0,17,206.0,0,7532345.0,10300205,Asia,12,"1,017",1.0,20.0
Azerbaijan,2023-03-06,828721,0,10129.0,0.0,818386.0,0,206.0,0,7532345.0,10300205,Asia,12,"1,017",1.0,20.0
Bahrain,2023-03-02,708061,233,1550.0,1.0,706013.0,0,498.0,5,10741126.0,1783983,Asia,3,"1,151",0.0,279.0
Bahrain,2023-03-03,708532,471,1552.0,2.0,706013.0,0,967.0,6,10742269.0,1783983,Asia,3,"1,149",0.0,542.0
Bahrain,2023-03-04,708768,236,1552.0,0.0,706014.0,0,1202.0,4,10743440.0,1783983,Asia,3,"1,149",0.0,674.0
Bahrain,2023-03-05,709230,462,1552.0,0.0,706014.0,0,1664.0,5,10744948.0,1783983,Asia,3,"1,149",0.0,933.0
Bahrain,2023-03-06,709230,0,1552.0,0.0,706014.0,0,1664.0,5,10744948.0,1783983,Asia,3,"1,149",0.0,933.0
Bangladesh,2023-03-02,2037829,0,29445.0,0.0,1998479.0,0,9905.0,0,15254399.0,167885689,Asia,82,"5,702",11.0,59.0
Bangladesh,2023-03-03,2037829,0,29445.0,0.0,1998479.0,0,9905.0,0,15254399.0,167885689,Asia,82,"5,702",11.0,59.0
Bangladesh,2023-03-04,2037829,0,29445.0,0.0,1998479.0,0,9905.0,0,15254399.0,167885689,Asia,82,"5,702",11.0,59.0
Bangladesh,2023-03-05,2037829,0,29445.0,0.0,1998479.0,0,9905.0,0,15254399.0,167885689,Asia,82,"5,702",11.0,59.0
Bangladesh,2023-03-06,2037829,0,29445.0,0.0,1998479.0,0,9905.0,0,15254399.0,167885689,Asia,82,"5,702",11.0,59.0
Belarus,2023-03-02,994037,0,7118.0,0.0,985589.0,0,1330.0,0,13646641.0,9432800,Europe,9,"1,325",1.0,141.0
Belarus,2023-03-03,994037,0,7118.0,0.0,985589.0,0,1330.0,0,13646641.0,9432800,Europe,9,"1,325",1.0,141.0
Belarus,2023-03-04,994037,0,7118.0,0.0,985589.0,0,1330.0,0,13646641.0,9432800,Europe,9,"1,325",1.0,141.0
Belarus,2023-03-05,994037,0,7118.0,0.0,985589.0,0,1330.0,0,13646641.0,9432800,Europe,9,"1,325",1.0,141.0
Belarus,2023-03-06,994037,0,7118.0,0.0,985589.0,0,1330.0,0,13646641.0,9432800,Europe,9,"1,325",1.0,141.0
Belgium,2023-03-02,4727795,1449,33775.0,8.0,4660019.0,558,34001.0,43,36752058.0,11668278,Europe,2,345,0.0,2914.0
Belgium,2023-03-03,4727795,0,33775.0,0.0,4661127.0,1115,32893.0,43,36752058.0,11668278,Europe,2,345,0.0,2819.0
Belgium,2023-03-04,4727795,0,33775.0,0.0,4661069.0,0,32951.0,43,36752058.0,11668278,Europe,2,345,0.0,2824.0
Belgium,2023-03-05,4727795,0,33775.0,0.0,4661629.0,558,32391.0,43,36752058.0,11668278,Europe,2,345,0.0,2776.0
Belgium,2023-03-06,4727795,0,33775.0,0.0,4662422.0,792,31598.0,43,36752058.0,11668278,Europe,2,345,0.0,2708.0
Benin,2023-03-02,27990,0,163.0,0.0,27824.0,0,3.0,0,604310.0,12784726,Africa,457,"78,434",21.0,0.2
Benin,2023-03-03,27990,0,163.0,0.0,27824.0,0,3.0,0,604310.0,12784726,Africa,457,"78,434",21.0,0.2
Benin,2023-03-04,27990,0,163.0,0.0,27824.0,0,3.0,0,604310.0,12784726,Africa,457,"78,434",21.0,0.2
Benin,2023-03-05,27990,0,163.0,0.0,27824.0,0,3.0,0,604310.0,12784726,Africa,457,"78,434",21.0,0.2
Benin,2023-03-06,27990,0,163.0,0.0,27824.0,0,3.0,0,604310.0,12784726,Africa,457,"78,434",21.0,0.2
Bolivia,2023-03-02,1193418,162,22365.0,0.0,1158257.0,185,12796.0,220,2705422.0,11992656,South America,10,536,4.0,1067.0
Bolivia,2023-03-03,1193650,232,22365.0,0.0,1158537.0,283,12748.0,220,2705422.0,11992656,South America,10,536,4.0,1063.0
Bolivia,2023-03-04,1193815,165,22365.0,0.0,1158822.0,281,12628.0,220,2705422.0,11992656,South America,10,536,4.0,1053.0
Bolivia,2023-03-05,1193908,93,22365.0,0.0,1159035.0,215,12508.0,220,2705422.0,11992656,South America,10,536,4.0,1043.0
Bolivia,2023-03-06,1193908,0,22365.0,0.0,1159035.0,0,12508.0,220,2705422.0,11992656,South America,10,536,4.0,1043.0
Bosnia and Herzegovina,2023-03-02,401636,0,16279.0,0.0,379083.0,0,6274.0,0,1884721.0,3249317,Europe,8,200,2.0,1931.0
Bosnia and Herzegovina,2023-03-03,401636,0,16279.0,0.0,379083.0,0,6274.0,0,1884721.0,3249317,Europe,8,200,2.0,1931.0
Bosnia and Herzegovina,2023-03-04,401636,0,16279.0,0.0,379083.0,0,6274.0,0,1884721.0,3249317,Europe,8,200,2.0,1931.0
Bosnia and Herzegovina,2023-03-05,401636,0,16279.0,0.0,379083.0,0,6274.0,0,1884721.0,3249317,Europe,8,200,2.0,1931.0
Bosnia and Herzegovina,2023-03-06,401636,0,16279.0,0.0,379083.0,0,6274.0,0,1884721.0,3249317,Europe,8,200,2.0,1931.0
Botswana,2023-03-02,329727,0,2801.0,0.0,326867.0,0,59.0,1,2026898.0,2441162,Africa,7,872,1.0,24.0
Botswana,2023-03-03,329727,0,2801.0,0.0,326867.0,0,59.0,1,2026898.0,2441162,Africa,7,872,1.0,24.0
Botswana,2023-03-04,329727,0,2801.0,0.0,326867.0,0,59.0,1,2026898.0,2441162,Africa,7,872,1.0,24.0
Botswana,2023-03-05,329727,0,2801.0,0.0,326867.0,0,59.0,1,2026898.0,2441162,Africa,7,872,1.0,24.0
Botswana,2023-03-06,329727,0,2801.0,0.0,326867.0,0,59.0,1,2026898.0,2441162,Africa,7,872,1.0,24.0
Brazil,2023-03-02,37066791,3327,699230.0,33.0,36240933.0,0,126628.0,0,63776166.0,215353593,South America,6,308,3.0,588.0
Brazil,2023-03-03,37076053,9262,699276.0,46.0,36249072.0,8160,127705.0,0,63776166.0,215353593,South America,6,308,3.0,593.0
Brazil,2023-03-04,37076053,0,699276.0,0.0,36249072.0,0,127705.0,0,63776166.0,215353593,South America,6,308,3.0,593.0
Brazil,2023-03-05,37076053,0,699276.0,0.0,36249072.0,0,127705.0,0,63776166.0,215353593,South America,6,308,3.0,593.0
Brazil,2023-03-06,37076053,0,699276.0,0.0,36249072.0,0,127705.0,0,63776166.0,215353593,South America,6,308,3.0,593.0
Bulgaria,2023-03-02,1296913,60,38217.0,0.0,1255712.0,47,2984.0,26,11058270.0,6844597,Europe,5,179,1.0,436.0
Bulgaria,2023-03-03,1297006,93,38219.0,2.0,1255858.0,150,2929.0,25,11061072.0,6844597,Europe,5,179,1.0,428.0
Bulgaria,2023-03-04,1297037,31,38219.0,0.0,1255861.0,2,2957.0,25,11061733.0,6844597,Europe,5,179,1.0,432.0
Bulgaria,2023-03-05,1297062,25,38219.0,0.0,1255866.0,2,2977.0,24,11062249.0,6844597,Europe,5,179,1.0,435.0
Bulgaria,2023-03-06,1297062,0,38219.0,0.0,1255866.0,0,2977.0,24,11062249.0,6844597,Europe,5,179,1.0,435.0
Burkina Faso,2023-03-02,22056,0,396.0,0.0,21594.0,0,66.0,0,248995.0,22102838,Africa,"1,002","55,815",89.0,3.0
Burkina Faso,2023-03-03,22056,0,396.0,0.0,21594.0,0,66.0,0,248995.0,22102838,Africa,"1,002","55,815",89.0,3.0
Burkina Faso,2023-03-04,22056,0,396.0,0.0,21594.0,0,66.0,0,248995.0,22102838,Africa,"1,002","55,815",89.0,3.0
Burkina Faso,2023-03-05,22056,0,396.0,0.0,21594.0,0,66.0,0,248995.0,22102838,Africa,"1,002","55,815",89.0,3.0
Burkina Faso,2023-03-06,22056,0,396.0,0.0,21594.0,0,66.0,0,248995.0,22102838,Africa,"1,002","55,815",89.0,3.0
Burundi,2023-03-02,53631,0,38.0,0.0,53568.0,0,25.0,0,345742.0,12624840,Africa,235,"332,233",37.0,2.0
Burundi,2023-03-03,53631,0,38.0,0.0,53568.0,0,25.0,0,345742.0,12624840,Africa,235,"332,233",37.0,2.0
Burundi,2023-03-04,53631,0,38.0,0.0,53568.0,0,25.0,0,345742.0,12624840,Africa,235,"332,233",37.0,2.0
Burundi,2023-03-05,53631,0,38.0,0.0,53568.0,0,25.0,0,345742.0,12624840,Africa,235,"332,233",37.0,2.0
Burundi,2023-03-06,53631,0,38.0,0.0,53568.0,0,25.0,0,345742.0,12624840,Africa,235,"332,233",37.0,2.0
CAR,2023-03-02,15368,0,113.0,0.0,15200.0,0,55.0,2,81294.0,5016678,Africa,326,"44,395",62.0,11.0
CAR,2023-03-03,15368,0,113.0,0.0,15200.0,0,55.0,2,81294.0,5016678,Africa,326,"44,395",62.0,11.0
CAR,2023-03-04,15368,0,113.0,0.0,15200.0,0,55.0,2,81294.0,5016678,Africa,326,"44,395",62.0,11.0
CAR,2023-03-05,15368,0,113.0,0.0,15200.0,0,55.0,2,81294.0,5016678,Africa,326,"44,395",62.0,11.0
CAR,2023-03-06,15368,0,113.0,0.0,15200.0,0,55.0,2,81294.0,5016678,Africa,326,"44,395",62.0,11.0
Cambodia,2023-03-02,138719,2,3056.0,0.0,135658.0,1,5.0,0,3091420.0,17168639,Asia,124,"5,618",6.0,0.3
Cambodia,2023-03-03,138719,0,3056.0,0.0,135658.0,0,5.0,0,3091420.0,17168639,Asia,124,"5,618",6.0,0.3
Cambodia,2023-03-04,138719,0,3056.0,0.0,135658.0,1,5.0,0,3091420.0,17168639,Asia,124,"5,618",6.0,0.3
Cambodia,2023-03-05,138719,0,3056.0,0.0,135658.0,0,5.0,0,3091420.0,17168639,Asia,124,"5,618",6.0,0.3
Cambodia,2023-03-06,138719,0,3056.0,0.0,135658.0,0,5.0,0,3091420.0,17168639,Asia,124,"5,618",6.0,0.3
Cameroon,2023-03-02,124392,0,1965.0,0.0,122343.0,0,84.0,13,1751774.0,27911548,Africa,224,"14,204",16.0,3.0
Cameroon,2023-03-03,124392,0,1965.0,0.0,122343.0,0,84.0,13,1751774.0,27911548,Africa,224,"14,204",16.0,3.0
Cameroon,2023-03-04,124392,0,1965.0,0.0,122343.0,0,84.0,13,1751774.0,27911548,Africa,224,"14,204",16.0,3.0
Cameroon,2023-03-05,124392,0,1965.0,0.0,122343.0,0,84.0,13,1751774.0,27911548,Africa,224,"14,204",16.0,3.0
Cameroon,2023-03-06,124392,0,1965.0,0.0,122343.0,0,84.0,13,1751774.0,27911548,Africa,224,"14,204",16.0,3.0
Canada,2023-03-02,4591149,0,51249.0,0.0,4502049.0,1530,37851.0,99,66343123.0,38388419,North America,8,749,1.0,986.0
Canada,2023-03-03,4591149,0,51249.0,0.0,4503585.0,1529,36315.0,99,66343123.0,38388419,North America,8,749,1.0,946.0
Canada,2023-03-04,4591149,0,51249.0,0.0,4505120.0,1530,34780.0,99,66343123.0,38388419,North America,8,749,1.0,906.0
Canada,2023-03-05,4591149,0,51249.0,0.0,4506656.0,1529,33244.0,99,66343123.0,38388419,North America,8,749,1.0,866.0
Canada,2023-03-06,4591149,0,51249.0,0.0,4508191.0,1530,31709.0,99,66343123.0,38388419,North America,8,749,1.0,826.0
Chad,2023-03-02,7678,0,194.0,0.0,4872.0,0,2612.0,0,191341.0,17413580,Africa,"2,268","89,761",91.0,150.0
Chad,2023-03-03,7678,0,194.0,0.0,4872.0,0,2612.0,0,191341.0,17413580,Africa,"2,268","89,761",91.0,150.0
Chad,2023-03-04,7678,0,194.0,0.0,4872.0,0,2612.0,0,191341.0,17413580,Africa,"2,268","89,761",91.0,150.0
Chad,2023-03-05,7678,0,194.0,0.0,4872.0,0,2612.0,0,191341.0,17413580,Africa,"2,268","89,761",91.0,150.0
Chad,2023-03-06,7678,0,194.0,0.0,4872.0,0,2612.0,0,191341.0,17413580,Africa,"2,268","89,761",91.0,150.0
Chile,2023-03-02,5172090,2951,64197.0,20.0,5101502.0,1963,6391.0,82,48470891.0,19250195,South America,4,300,0.0,332.0
Chile,2023-03-03,5174951,2861,64210.0,13.0,5101501.0,0,9240.0,87,48486557.0,19250195,South America,4,300,0.0,480.0
Chile,2023-03-04,5177770,2819,64222.0,12.0,5101497.0,0,12051.0,83,48501621.0,19250195,South America,4,300,0.0,626.0
Chile,2023-03-05,5180329,2559,64230.0,8.0,5108611.0,7102,7488.0,83,48515971.0,19250195,South America,4,300,0.0,389.0
Chile,2023-03-06,5180329,0,64230.0,0.0,5108611.0,0,7488.0,83,48515971.0,19250195,South America,4,300,0.0,389.0
China,2023-03-02,503302,0,5272.0,0.0,379255.0,0,118775.0,7557,160000000.0,1448471400,Asia,"2,878","274,748",9.0,82.0
China,2023-03-03,503302,0,5272.0,0.0,379255.0,0,118775.0,7557,160000000.0,1448471400,Asia,"2,878","274,748",9.0,82.0
China,2023-03-04,503302,0,5272.0,0.0,379255.0,0,118775.0,7557,160000000.0,1448471400,Asia,"2,878","274,748",9.0,82.0
China,2023-03-05,503302,0,5272.0,0.0,379255.0,0,118775.0,7557,160000000.0,1448471400,Asia,"2,878","274,748",9.0,82.0
China,2023-03-06,503302,0,5272.0,0.0,379255.0,0,118775.0,0,160000000.0,1448471400,Asia,"2,878","274,748",9.0,82.0
Colombia,2023-03-02,6360089,0,142629.0,0.0,6183668.0,0,33792.0,342,36951507.0,51512762,South America,8,361,1.0,656.0
Colombia,2023-03-03,6360089,0,142629.0,0.0,6183668.0,0,33792.0,342,36951507.0,51512762,South America,8,361,1.0,656.0
Colombia,2023-03-04,6360089,0,142629.0,0.0,6183668.0,0,33792.0,342,36951507.0,51512762,South America,8,361,1.0,656.0
Colombia,2023-03-05,6360089,0,142629.0,0.0,6183668.0,0,33792.0,342,36951507.0,51512762,South America,8,361,1.0,656.0
Colombia,2023-03-06,6360089,0,142629.0,0.0,6183668.0,0,33792.0,342,36951507.0,51512762,South America,8,361,1.0,656.0
Congo,2023-03-02,25375,0,386.0,0.0,24003.0,0,986.0,0,347815.0,5797805,Africa,228,"15,020",17.0,170.0
Congo,2023-03-03,25375,0,386.0,0.0,24003.0,0,986.0,0,347815.0,5797805,Africa,228,"15,020",17.0,170.0
Congo,2023-03-04,25375,0,386.0,0.0,24003.0,0,986.0,0,347815.0,5797805,Africa,228,"15,020",17.0,170.0
Congo,2023-03-05,25375,0,386.0,0.0,24003.0,0,986.0,0,347815.0,5797805,Africa,228,"15,020",17.0,170.0
Congo,2023-03-06,25375,0,386.0,0.0,24003.0,0,986.0,0,347815.0,5797805,Africa,228,"15,020",17.0,170.0
Costa Rica,2023-03-02,1204164,0,9230.0,0.0,860708.0,0,334226.0,52,4659757.0,5182354,North America,4,561,1.0,64493.0
Costa Rica,2023-03-03,1204164,0,9230.0,0.0,860708.0,0,334226.0,52,4659757.0,5182354,North America,4,561,1.0,64493.0
Costa Rica,2023-03-04,1204164,0,9230.0,0.0,860708.0,0,334226.0,52,4659757.0,5182354,North America,4,561,1.0,64493.0
Costa Rica,2023-03-05,1204164,0,9230.0,0.0,860708.0,0,334226.0,52,4659757.0,5182354,North America,4,561,1.0,64493.0
Costa Rica,2023-03-06,1204164,0,9230.0,0.0,860708.0,0,334226.0,52,4659757.0,5182354,North America,4,561,1.0,64493.0
Croatia,2023-03-02,1268992,0,17971.0,0.0,1250550.0,0,471.0,10,5503682.0,4059286,Europe,3,226,1.0,116.0
Croatia,2023-03-03,1268992,0,17971.0,0.0,1250550.0,0,471.0,10,5503682.0,4059286,Europe,3,226,1.0,116.0
Croatia,2023-03-04,1268992,0,17971.0,0.0,1250550.0,0,471.0,10,5503682.0,4059286,Europe,3,226,1.0,116.0
Croatia,2023-03-05,1268992,0,17971.0,0.0,1250550.0,0,471.0,10,5503682.0,4059286,Europe,3,226,1.0,116.0
Croatia,2023-03-06,1268992,0,17971.0,0.0,1250550.0,0,471.0,10,5503682.0,4059286,Europe,3,226,1.0,116.0
Cuba,2023-03-02,1112609,6,8530.0,0.0,1103989.0,8,90.0,0,14318929.0,11305652,North America,10,"1,325",1.0,8.0
Cuba,2023-03-03,1112613,4,8530.0,0.0,1103993.0,4,90.0,0,14319601.0,11305652,North America,10,"1,325",1.0,8.0
Cuba,2023-03-04,1112622,9,8530.0,0.0,1104002.0,12,90.0,0,14319601.0,11305652,North America,10,"1,325",1.0,8.0
Cuba,2023-03-05,1112625,3,8530.0,0.0,1104005.0,4,90.0,0,14319601.0,11305652,North America,10,"1,325",1.0,8.0
Cuba,2023-03-06,1112625,0,8530.0,0.0,1104005.0,0,90.0,2,14319601.0,11305652,North America,10,"1,325",1.0,8.0
Cyprus,2023-03-02,649093,0,1305.0,0.0,642855.0,0,4933.0,60,9640118.0,1223387,Asia,2,937,0.0,4032.0
Cyprus,2023-03-03,650685,1592,1330.0,25.0,644209.0,1355,5146.0,60,9640118.0,1223387,Asia,2,920,0.0,4206.0
Cyprus,2023-03-04,650685,0,1330.0,0.0,644185.0,0,5170.0,60,9640118.0,1223387,Asia,2,920,0.0,4226.0
Cyprus,2023-03-05,650685,0,1330.0,0.0,644185.0,0,5170.0,60,9640118.0,1223387,Asia,2,920,0.0,4226.0
Cyprus,2023-03-06,650685,0,1330.0,0.0,644185.0,0,5170.0,60,9640118.0,1223387,Asia,2,920,0.0,4226.0
Czechia,2023-03-02,4611993,987,42452.0,6.0,4558493.0,181,11048.0,36,57008620.0,10736784,Europe,2,253,0.0,1029.0
Czechia,2023-03-03,4612903,910,42457.0,5.0,4560289.0,1800,10157.0,47,57013317.0,10736784,Europe,2,253,0.0,946.0
Czechia,2023-03-04,4613885,983,42465.0,5.0,4561628.0,1364,9792.0,45,57017713.0,10736784,Europe,2,253,0.0,912.0
Czechia,2023-03-05,4614022,137,42465.0,0.0,4562774.0,1149,8783.0,39,57018324.0,10736784,Europe,2,253,0.0,818.0
Czechia,2023-03-06,4614022,0,42465.0,0.0,4562774.0,0,8783.0,39,57018324.0,10736784,Europe,2,253,0.0,818.0
DPRK,2023-03-02,4772813,0,74.0,0.0,4772739.0,0,0.0,0,,25990679,Asia,5,"351,225",,0.0
DPRK,2023-03-03,4772813,0,74.0,0.0,4772739.0,0,0.0,0,,25990679,Asia,5,"351,225",,0.0
DPRK,2023-03-04,4772813,0,74.0,0.0,4772739.0,0,0.0,0,,25990679,Asia,5,"351,225",,0.0
DPRK,2023-03-05,4772813,0,74.0,0.0,4772739.0,0,0.0,0,,25990679,Asia,5,"351,225",,0.0
DPRK,2023-03-06,4772813,0,74.0,0.0,4772739.0,0,0.0,0,,25990679,Asia,5,"351,225",,0.0
DRC,2023-03-02,95749,0,1464.0,0.0,84285.0,0,10000.0,0,846704.0,95240792,Africa,995,"65,055",112.0,105.0
DRC,2023-03-03,95749,0,1464.0,0.0,84285.0,0,10000.0,0,846704.0,95240792,Africa,995,"65,055",112.0,105.0
DRC,2023-03-04,95749,0,1464.0,0.0,84285.0,0,10000.0,0,846704.0,95240792,Africa,995,"65,055",112.0,105.0
DRC,2023-03-05,95749,0,1464.0,0.0,84285.0,0,10000.0,0,846704.0,95240792,Africa,995,"65,055",112.0,105.0
DRC,2023-03-06,95749,0,1464.0,0.0,84285.0,0,10000.0,0,846704.0,95240792,Africa,995,"65,055",112.0,105.0
Denmark,2023-03-02,3175332,68,8272.0,3.0,3166156.0,76,904.0,19,129198860.0,5834950,Europe,2,705,0.0,155.0
Denmark,2023-03-03,3175405,73,8274.0,2.0,3166221.0,65,910.0,19,129200291.0,5834950,Europe,2,705,0.0,156.0
Denmark,2023-03-04,3175474,69,8277.0,3.0,3166217.0,0,980.0,19,129201848.0,5834950,Europe,2,705,0.0,168.0
Denmark,2023-03-05,3175509,35,8281.0,4.0,3166341.0,124,887.0,19,129202569.0,5834950,Europe,2,705,0.0,152.0
Denmark,2023-03-06,3175509,0,8281.0,0.0,3166341.0,0,887.0,19,129202569.0,5834950,Europe,2,705,0.0,152.0
Djibouti,2023-03-02,15690,0,189.0,0.0,15427.0,0,74.0,0,305941.0,1016097,Africa,65,"5,376",3.0,73.0
Djibouti,2023-03-03,15690,0,189.0,0.0,15427.0,0,74.0,0,305941.0,1016097,Africa,65,"5,376",3.0,73.0
Djibouti,2023-03-04,15690,0,189.0,0.0,15427.0,0,74.0,0,305941.0,1016097,Africa,65,"5,376",3.0,73.0
Djibouti,2023-03-05,15690,0,189.0,0.0,15427.0,0,74.0,0,305941.0,1016097,Africa,65,"5,376",3.0,73.0
Djibouti,2023-03-06,15690,0,189.0,0.0,15427.0,0,74.0,0,305941.0,1016097,Africa,65,"5,376",3.0,73.0
Dominican Republic,2023-03-02,660705,0,4384.0,0.0,644789.0,0,11532.0,4,3740928.0,11056370,North America,17,"2,522",3.0,1043.0
Dominican Republic,2023-03-03,660705,0,4384.0,0.0,644789.0,0,11532.0,4,3740928.0,11056370,North America,17,"2,522",3.0,1043.0
Dominican Republic,2023-03-04,660705,0,4384.0,0.0,644789.0,0,11532.0,4,3740928.0,11056370,North America,17,"2,522",3.0,1043.0
Dominican Republic,2023-03-05,660705,0,4384.0,0.0,644789.0,0,11532.0,4,3740928.0,11056370,North America,17,"2,522",3.0,1043.0
Dominican Republic,2023-03-06,660705,0,4384.0,0.0,644789.0,0,11532.0,4,3740928.0,11056370,North America,17,"2,522",3.0,1043.0
Ecuador,2023-03-02,1057121,0,36014.0,0.0,1020564.0,0,543.0,759,3082403.0,18113361,South America,17,503,6.0,30.0
Ecuador,2023-03-03,1057121,0,36014.0,0.0,1020564.0,0,543.0,759,3082403.0,18113361,South America,17,503,6.0,30.0
Ecuador,2023-03-04,1057121,0,36014.0,0.0,1020564.0,0,543.0,759,3082403.0,18113361,South America,17,503,6.0,30.0
Ecuador,2023-03-05,1057121,0,36014.0,0.0,1020564.0,0,543.0,759,3082403.0,18113361,South America,17,503,6.0,30.0
Ecuador,2023-03-06,1057121,0,36014.0,0.0,1020564.0,0,543.0,759,3082403.0,18113361,South America,17,503,6.0,30.0
Egypt,2023-03-02,515698,0,24613.0,0.0,442147.0,0,48938.0,122,3693367.0,106156692,Africa,206,"4,313",29.0,461.0
Egypt,2023-03-03,515698,0,24613.0,0.0,442147.0,0,48938.0,122,3693367.0,106156692,Africa,206,"4,313",29.0,461.0
Egypt,2023-03-04,515698,0,24613.0,0.0,442147.0,0,48938.0,122,3693367.0,106156692,Africa,206,"4,313",29.0,461.0
Egypt,2023-03-05,515698,0,24613.0,0.0,442147.0,0,48938.0,122,3693367.0,106156692,Africa,206,"4,313",29.0,461.0
Egypt,2023-03-06,515698,0,24613.0,0.0,442147.0,0,48938.0,122,3693367.0,106156692,Africa,206,"4,313",29.0,461.0
El Salvador,2023-03-02,201785,0,4230.0,0.0,179410.0,0,18145.0,8,2610114.0,6550389,North America,32,"1,549",3.0,2770.0
El Salvador,2023-03-03,201785,0,4230.0,0.0,179410.0,0,18145.0,8,2610114.0,6550389,North America,32,"1,549",3.0,2770.0
El Salvador,2023-03-04,201785,0,4230.0,0.0,179410.0,0,18145.0,8,2610114.0,6550389,North America,32,"1,549",3.0,2770.0
El Salvador,2023-03-05,201785,0,4230.0,0.0,179410.0,0,18145.0,8,2610114.0,6550389,North America,32,"1,549",3.0,2770.0
El Salvador,2023-03-06,201785,0,4230.0,0.0,179410.0,0,18145.0,8,2610114.0,6550389,North America,32,"1,549",3.0,2770.0
Equatorial Guinea,2023-03-02,17229,0,183.0,0.0,16907.0,0,139.0,5,365697.0,1496662,Africa,87,"8,178",4.0,93.0
Equatorial Guinea,2023-03-03,17229,0,183.0,0.0,16907.0,0,139.0,5,365697.0,1496662,Africa,87,"8,178",4.0,93.0
Equatorial Guinea,2023-03-04,17229,0,183.0,0.0,16907.0,0,139.0,5,365697.0,1496662,Africa,87,"8,178",4.0,93.0
Equatorial Guinea,2023-03-05,17229,0,183.0,0.0,16907.0,0,139.0,5,365697.0,1496662,Africa,87,"8,178",4.0,93.0
Equatorial Guinea,2023-03-06,17229,0,183.0,0.0,16907.0,0,139.0,5,365697.0,1496662,Africa,87,"8,178",4.0,93.0
Eritrea,2023-03-02,10189,0,103.0,0.0,10086.0,0,0.0,0,23693.0,3662244,Africa,359,"35,556",155.0,0.0
Eritrea,2023-03-03,10189,0,103.0,0.0,10086.0,0,0.0,0,23693.0,3662244,Africa,359,"35,556",155.0,0.0
Eritrea,2023-03-04,10189,0,103.0,0.0,10086.0,0,0.0,0,23693.0,3662244,Africa,359,"35,556",155.0,0.0
Eritrea,2023-03-05,10189,0,103.0,0.0,10086.0,0,0.0,0,23693.0,3662244,Africa,359,"35,556",155.0,0.0
Eritrea,2023-03-06,10189,0,103.0,0.0,10086.0,0,0.0,0,23693.0,3662244,Africa,359,"35,556",155.0,0.0
Estonia,2023-03-02,615119,0,2940.0,0.0,524990.0,0,87189.0,3,3675293.0,1321910,Europe,2,450,0.0,65957.0
Estonia,2023-03-03,615119,0,2940.0,0.0,524990.0,0,87189.0,3,3675293.0,1321910,Europe,2,450,0.0,65957.0
Estonia,2023-03-04,615119,0,2940.0,0.0,524990.0,0,87189.0,3,3675293.0,1321910,Europe,2,450,0.0,65957.0
Estonia,2023-03-05,615119,0,2940.0,0.0,524990.0,0,87189.0,3,3675293.0,1321910,Europe,2,450,0.0,65957.0
Estonia,2023-03-06,615119,0,2940.0,0.0,524990.0,0,87189.0,3,3675293.0,1321910,Europe,2,450,0.0,65957.0
Eswatini,2023-03-02,74199,0,1423.0,0.0,72726.0,0,50.0,0,1048704.0,1184817,Africa,16,833,1.0,42.0
Eswatini,2023-03-03,74199,0,1423.0,0.0,72726.0,0,50.0,0,1048704.0,1184817,Africa,16,833,1.0,42.0
Eswatini,2023-03-04,74199,0,1423.0,0.0,72726.0,0,50.0,0,1048704.0,1184817,Africa,16,833,1.0,42.0
Eswatini,2023-03-05,74267,68,1425.0,2.0,72795.0,69,47.0,0,1048704.0,1184817,Africa,16,831,1.0,40.0
Eswatini,2023-03-06,74267,0,1425.0,0.0,72795.0,0,47.0,0,1048704.0,1184817,Africa,16,831,1.0,40.0
Ethiopia,2023-03-02,500014,28,7572.0,0.0,487247.0,27,5195.0,1,5491134.0,120812698,Africa,242,"15,955",22.0,43.0
Ethiopia,2023-03-03,500031,17,7572.0,0.0,487264.0,14,5195.0,1,5492111.0,120812698,Africa,242,"15,955",22.0,43.0
Ethiopia,2023-03-04,500039,8,7572.0,0.0,487272.0,6,5195.0,1,5493115.0,120812698,Africa,242,"15,955",22.0,43.0
Ethiopia,2023-03-05,500050,11,7572.0,0.0,487283.0,8,5195.0,1,5493535.0,120812698,Africa,242,"15,955",22.0,43.0
Ethiopia,2023-03-06,500050,0,7572.0,0.0,487283.0,0,5195.0,1,5493535.0,120812698,Africa,242,"15,955",22.0,43.0
Finland,2023-03-02,1462976,2,8936.0,0.0,1451957.0,92,2083.0,21,12047792.0,5554960,Europe,4,622,0.0,375.0
Finland,2023-03-03,1462976,0,8936.0,0.0,1451929.0,0,2111.0,21,12047792.0,5554960,Europe,4,622,0.0,380.0
Finland,2023-03-04,1462976,0,8936.0,0.0,1452068.0,140,1972.0,21,12047792.0,5554960,Europe,4,622,0.0,355.0
Finland,2023-03-05,1462976,0,8936.0,0.0,1452168.0,97,1872.0,21,12047792.0,5554960,Europe,4,622,0.0,337.0
Finland,2023-03-06,1462976,0,8936.0,0.0,1452240.0,72,1800.0,21,12047792.0,5554960,Europe,4,622,0.0,324.0
France,2023-03-02,39630952,4196,165009.0,21.0,39394128.0,3341,71815.0,869,271490188.0,65584518,Europe,2,397,0.0,1095.0
France,2023-03-03,39634146,3194,165030.0,21.0,39397301.0,3166,71815.0,869,271490188.0,65584518,Europe,2,397,0.0,1095.0
France,2023-03-04,39638159,4013,165030.0,0.0,39399740.0,2448,73389.0,869,271490188.0,65584518,Europe,2,397,0.0,1119.0
France,2023-03-05,39638159,0,165030.0,0.0,39399740.0,0,73389.0,869,271490188.0,65584518,Europe,2,397,0.0,1119.0
France,2023-03-06,39638159,0,165030.0,0.0,39400461.0,706,72668.0,869,271490188.0,65584518,Europe,2,397,0.0,1108.0
Gabon,2023-03-02,48981,0,306.0,0.0,48674.0,0,1.0,0,1621909.0,2331533,Africa,48,"7,619",1.0,0.4
Gabon,2023-03-03,48981,0,306.0,0.0,48674.0,0,1.0,0,1621909.0,2331533,Africa,48,"7,619",1.0,0.4
Gabon,2023-03-04,48981,0,306.0,0.0,48674.0,0,1.0,0,1621909.0,2331533,Africa,48,"7,619",1.0,0.4
Gabon,2023-03-05,48981,0,306.0,0.0,48674.0,0,1.0,0,1621909.0,2331533,Africa,48,"7,619",1.0,0.4
Gabon,2023-03-06,48981,0,306.0,0.0,48674.0,0,1.0,0,1621909.0,2331533,Africa,48,"7,619",1.0,0.4
Gambia,2023-03-02,12586,0,372.0,0.0,12188.0,0,26.0,0,155686.0,2558482,Africa,203,"6,878",16.0,10.0
Gambia,2023-03-03,12586,0,372.0,0.0,12188.0,0,26.0,0,155686.0,2558482,Africa,203,"6,878",16.0,10.0
Gambia,2023-03-04,12586,0,372.0,0.0,12188.0,0,26.0,0,155686.0,2558482,Africa,203,"6,878",16.0,10.0
Gambia,2023-03-05,12586,0,372.0,0.0,12188.0,0,26.0,0,155686.0,2558482,Africa,203,"6,878",16.0,10.0
Gambia,2023-03-06,12586,0,372.0,0.0,12188.0,0,26.0,0,155686.0,2558482,Africa,203,"6,878",16.0,10.0
Georgia,2023-03-02,1825598,0,16965.0,0.0,1776550.0,0,32083.0,0,16920079.0,3968738,Asia,2,234,0.0,8084.0
Georgia,2023-03-03,1825598,0,16965.0,0.0,1776550.0,0,32083.0,0,16920079.0,3968738,Asia,2,234,0.0,8084.0
Georgia,2023-03-04,1825598,0,16965.0,0.0,1776550.0,0,32083.0,0,16920079.0,3968738,Asia,2,234,0.0,8084.0
Georgia,2023-03-05,1825598,0,16965.0,0.0,1776550.0,0,32083.0,0,16920079.0,3968738,Asia,2,234,0.0,8084.0
Georgia,2023-03-06,1825598,0,16965.0,0.0,1776550.0,0,32083.0,0,16920079.0,3968738,Asia,2,234,0.0,8084.0
Germany,2023-03-02,38202571,12617,168296.0,121.0,37729610.0,13900,304665.0,0,122332384.0,83883596,Europe,2,498,1.0,3632.0
Germany,2023-03-03,38202571,0,168296.0,0.0,37742780.0,13200,291495.0,0,122332384.0,83883596,Europe,2,498,1.0,3475.0
Germany,2023-03-04,38210850,0,168397.0,0.0,37746679.0,3900,295774.0,0,122332384.0,83883596,Europe,2,498,1.0,3526.0
Germany,2023-03-05,38210850,0,168397.0,0.0,37749783.0,3100,292670.0,0,122332384.0,83883596,Europe,2,498,1.0,3489.0
Germany,2023-03-06,38210850,0,168397.0,0.0,37749783.0,0,292670.0,0,122332384.0,83883596,Europe,2,498,1.0,3489.0
Ghana,2023-03-02,171172,0,1462.0,0.0,169697.0,0,13.0,2,2529956.0,32395450,Africa,189,"22,158",13.0,0.4
Ghana,2023-03-03,171172,0,1462.0,0.0,169697.0,0,13.0,2,2529956.0,32395450,Africa,189,"22,158",13.0,0.4
Ghana,2023-03-04,171172,0,1462.0,0.0,169697.0,0,13.0,2,2529956.0,32395450,Africa,189,"22,158",13.0,0.4
Ghana,2023-03-05,171209,37,1462.0,0.0,169721.0,23,26.0,2,2529956.0,32395450,Africa,189,"22,158",13.0,0.8
Ghana,2023-03-06,171209,0,1462.0,0.0,169721.0,0,26.0,2,2529956.0,32395450,Africa,189,"22,158",13.0,0.8
Greece,2023-03-02,5871458,0,36185.0,0.0,5806582.0,1598,28691.0,115,102228365.0,10316637,Europe,2,285,0.0,2781.0
Greece,2023-03-03,5871458,0,36185.0,0.0,5809089.0,2510,26184.0,115,102228365.0,10316637,Europe,2,285,0.0,2538.0
Greece,2023-03-04,5871458,0,36185.0,0.0,5811710.0,2619,23563.0,115,102228365.0,10316637,Europe,2,285,0.0,2284.0
Greece,2023-03-05,5871458,0,36185.0,0.0,5814320.0,2618,20953.0,115,102228365.0,10316637,Europe,2,285,0.0,2031.0
Greece,2023-03-06,5871458,0,36185.0,0.0,5816940.0,2619,18333.0,115,102228365.0,10316637,Europe,2,285,0.0,1777.0
Guatemala,2023-03-02,1237086,308,20176.0,0.0,1215814.0,354,1096.0,5,6940800.0,18584039,North America,15,921,3.0,59.0
Guatemala,2023-03-03,1237335,249,20177.0,1.0,1216062.0,255,1096.0,5,6948424.0,18584039,North America,15,921,3.0,59.0
Guatemala,2023-03-04,1237335,0,20177.0,0.0,1216062.0,0,1096.0,5,6948424.0,18584039,North America,15,921,3.0,59.0
Guatemala,2023-03-05,1237564,229,20178.0,1.0,1216327.0,259,1059.0,5,6948424.0,18584039,North America,15,921,3.0,57.0
Guatemala,2023-03-06,1237564,0,20178.0,0.0,1216327.0,0,1059.0,5,6948424.0,18584039,North America,15,921,3.0,57.0
Guinea,2023-03-02,38267,0,467.0,0.0,37758.0,0,42.0,8,660107.0,13865691,Africa,362,"29,691",21.0,3.0
Guinea,2023-03-03,38267,0,467.0,0.0,37758.0,0,42.0,8,660107.0,13865691,Africa,362,"29,691",21.0,3.0
Guinea,2023-03-04,38267,0,467.0,0.0,37758.0,0,42.0,8,660107.0,13865691,Africa,362,"29,691",21.0,3.0
Guinea,2023-03-05,38267,0,467.0,0.0,37758.0,0,42.0,8,660107.0,13865691,Africa,362,"29,691",21.0,3.0
Guinea,2023-03-06,38267,0,467.0,0.0,37758.0,0,42.0,8,660107.0,13865691,Africa,362,"29,691",21.0,3.0
Guinea-Bissau,2023-03-02,8960,0,176.0,0.0,8660.0,0,124.0,6,145231.0,2063367,Africa,230,"11,724",14.0,60.0
Guinea-Bissau,2023-03-03,8960,0,176.0,0.0,8660.0,0,124.0,6,145231.0,2063367,Africa,230,"11,724",14.0,60.0
Guinea-Bissau,2023-03-04,8960,0,176.0,0.0,8660.0,0,124.0,6,145231.0,2063367,Africa,230,"11,724",14.0,60.0
Guinea-Bissau,2023-03-05,8960,0,176.0,0.0,8660.0,0,124.0,6,145231.0,2063367,Africa,230,"11,724",14.0,60.0
Guinea-Bissau,2023-03-06,8960,0,176.0,0.0,8660.0,0,124.0,6,145231.0,2063367,Africa,230,"11,724",14.0,60.0
Haiti,2023-03-02,34143,0,860.0,0.0,33049.0,0,234.0,0,132422.0,11680283,North America,342,"13,582",88.0,20.0
Haiti,2023-03-03,34143,0,860.0,0.0,33049.0,0,234.0,0,132422.0,11680283,North America,342,"13,582",88.0,20.0
Haiti,2023-03-04,34202,59,860.0,0.0,33050.0,8,292.0,0,132422.0,11680283,North America,342,"13,582",88.0,25.0
Haiti,2023-03-05,34202,0,860.0,0.0,33050.0,0,292.0,0,132422.0,11680283,North America,342,"13,582",88.0,25.0
Haiti,2023-03-06,34202,0,860.0,0.0,33050.0,0,292.0,0,132422.0,11680283,North America,342,"13,582",88.0,25.0
Honduras,2023-03-02,472116,0,11111.0,0.0,132545.0,0,328460.0,105,1633222.0,10221247,North America,22,920,6.0,32135.0
Honduras,2023-03-03,472219,103,11111.0,0.0,132546.0,0,328562.0,105,1635233.0,10221247,North America,22,920,6.0,32145.0
Honduras,2023-03-04,472219,0,11111.0,0.0,132546.0,0,328562.0,105,1635233.0,10221247,North America,22,920,6.0,32145.0
Honduras,2023-03-05,472219,0,11111.0,0.0,132546.0,0,328562.0,105,1635233.0,10221247,North America,22,920,6.0,32145.0
Honduras,2023-03-06,472219,0,11111.0,0.0,132546.0,0,328562.0,105,1635233.0,10221247,North America,22,920,6.0,32145.0
Hong Kong,2023-03-02,2883528,75,13460.0,0.0,2851149.0,2292,18919.0,28,76127725.0,7604299,Asia,3,565,0.0,2488.0
Hong Kong,2023-03-03,2883613,85,13461.0,1.0,2853544.0,2401,16608.0,28,76127725.0,7604299,Asia,3,565,0.0,2184.0
Hong Kong,2023-03-04,2883655,42,13462.0,1.0,2855882.0,2334,14311.0,28,76127725.0,7604299,Asia,3,565,0.0,1882.0
Hong Kong,2023-03-05,2883700,45,13463.0,1.0,2859363.0,3479,10874.0,28,76127725.0,7604299,Asia,3,565,0.0,1430.0
Hong Kong,2023-03-06,2883700,0,13463.0,0.0,2859363.0,0,10874.0,28,76127725.0,7604299,Asia,3,565,0.0,1430.0
Hungary,2023-03-02,2195926,0,48751.0,0.0,2143188.0,0,3987.0,13,11394556.0,9606259,Europe,4,197,1.0,415.0
Hungary,2023-03-03,2195926,0,48751.0,0.0,2143188.0,0,3987.0,13,11394556.0,9606259,Europe,4,197,1.0,415.0
Hungary,2023-03-04,2195926,0,48751.0,0.0,2143188.0,0,3987.0,13,11394556.0,9606259,Europe,4,197,1.0,415.0
Hungary,2023-03-05,2195926,0,48751.0,0.0,2143188.0,0,3987.0,13,11394556.0,9606259,Europe,4,197,1.0,415.0
Hungary,2023-03-06,2195926,0,48751.0,0.0,2143188.0,0,3987.0,13,11394556.0,9606259,Europe,4,197,1.0,415.0
India,2023-03-02,44687162,283,530772.0,0.0,44153577.0,197,2813.0,0,918891634.0,1406631776,Asia,31,"2,650",2.0,2.0
India,2023-03-03,44687162,0,530772.0,0.0,44153577.0,0,2813.0,0,918891634.0,1406631776,Asia,31,"2,650",2.0,2.0
India,2023-03-04,44687820,324,530775.0,0.0,44154232.0,219,2813.0,0,919095823.0,1406631776,Asia,31,"2,650",2.0,2.0
India,2023-03-05,44687820,0,530775.0,0.0,44154232.0,0,2813.0,0,919095823.0,1406631776,Asia,31,"2,650",2.0,2.0
India,2023-03-06,44687820,0,530775.0,0.0,44154232.0,0,2813.0,0,919095823.0,1406631776,Asia,31,"2,650",2.0,2.0
Indonesia,2023-03-02,6736576,278,160920.0,4.0,6572027.0,253,3629.0,0,114158919.0,279134505,Asia,41,"1,735",2.0,13.0
Indonesia,2023-03-03,6736787,211,160925.0,5.0,6572233.0,234,3629.0,0,114158919.0,279134505,Asia,41,"1,735",2.0,13.0
Indonesia,2023-03-04,6736994,207,160928.0,3.0,6572716.0,277,3350.0,0,114158919.0,279134505,Asia,41,"1,735",2.0,12.0
Indonesia,2023-03-05,6737159,165,160930.0,2.0,6573159.0,576,3070.0,0,114158919.0,279134505,Asia,41,"1,735",2.0,11.0
Indonesia,2023-03-06,6737159,0,160930.0,0.0,6573159.0,0,3070.0,0,114158919.0,279134505,Asia,41,"1,735",2.0,11.0
Iran,2023-03-02,7569261,358,144864.0,6.0,7339492.0,61,84905.0,312,55034937.0,86022837,Asia,11,594,2.0,987.0
Iran,2023-03-03,7569483,222,144867.0,3.0,7339539.0,54,85077.0,312,55034937.0,86022837,Asia,11,594,2.0,989.0
Iran,2023-03-04,7569769,286,144878.0,11.0,7339642.0,69,85249.0,312,55034937.0,86022837,Asia,11,594,2.0,991.0
Iran,2023-03-05,7570232,463,144893.0,15.0,7339746.0,63,85593.0,341,55034937.0,86022837,Asia,11,594,2.0,995.0
Iran,2023-03-06,7570232,0,144893.0,0.0,7339746.0,0,85593.0,341,55034937.0,86022837,Asia,11,594,2.0,995.0
Iraq,2023-03-02,2465545,0,25375.0,0.0,2439495.0,0,675.0,21,19544451.0,42164965,Asia,17,"1,662",2.0,16.0
Iraq,2023-03-03,2465545,0,25375.0,0.0,2439495.0,0,675.0,21,19544451.0,42164965,Asia,17,"1,662",2.0,16.0
Iraq,2023-03-04,2465545,0,25375.0,0.0,2439495.0,0,675.0,21,19544451.0,42164965,Asia,17,"1,662",2.0,16.0
Iraq,2023-03-05,2465545,0,25375.0,0.0,2439495.0,0,675.0,21,19544451.0,42164965,Asia,17,"1,662",2.0,16.0
Iraq,2023-03-06,2465545,0,25375.0,0.0,2439495.0,0,675.0,21,19544451.0,42164965,Asia,17,"1,662",2.0,16.0
Ireland,2023-03-02,1703850,0,8691.0,0.0,1692127.0,0,3032.0,13,13031576.0,5020199,Europe,3,578,0.0,604.0
Ireland,2023-03-03,1703850,0,8691.0,0.0,1692614.0,486,2545.0,12,13033385.0,5020199,Europe,3,578,0.0,507.0
Ireland,2023-03-04,1703850,0,8691.0,0.0,1692614.0,0,2545.0,12,13033385.0,5020199,Europe,3,578,0.0,507.0
Ireland,2023-03-05,1703850,0,8691.0,0.0,1692850.0,240,2309.0,12,13033385.0,5020199,Europe,3,578,0.0,460.0
Ireland,2023-03-06,1703850,0,8691.0,0.0,1692865.0,11,2294.0,12,13033385.0,5020199,Europe,3,578,0.0,457.0
Israel,2023-03-02,4800397,757,12303.0,11.0,4781249.0,0,6845.0,57,41373364.0,9326000,Asia,2,758,0.0,734.0
Israel,2023-03-03,4800913,516,12303.0,0.0,4781252.0,0,7358.0,57,41373364.0,9326000,Asia,2,758,0.0,789.0
Israel,2023-03-04,4801230,317,12303.0,0.0,4781252.0,0,7675.0,57,41373364.0,9326000,Asia,2,758,0.0,823.0
Israel,2023-03-05,4801511,281,12307.0,4.0,4781249.0,0,7955.0,57,41373364.0,9326000,Asia,2,758,0.0,853.0
Israel,2023-03-06,4801511,0,12307.0,0.0,4781249.0,0,7955.0,57,41373364.0,9326000,Asia,2,758,0.0,853.0
Italy,2023-03-02,25603510,3497,188322.0,28.0,25267122.0,3435,148066.0,137,268196399.0,60262770,Europe,2,320,0.0,2457.0
Italy,2023-03-03,25603510,0,188322.0,0.0,25267122.0,0,148066.0,137,268196399.0,60262770,Europe,2,320,0.0,2457.0
Italy,2023-03-04,25603510,0,188322.0,0.0,25267122.0,0,148066.0,137,268196399.0,60262770,Europe,2,320,0.0,2457.0
Italy,2023-03-05,25603510,0,188322.0,0.0,25267122.0,0,148066.0,137,268196399.0,60262770,Europe,2,320,0.0,2457.0
Italy,2023-03-06,25603510,0,188322.0,0.0,25267122.0,0,148066.0,137,268196399.0,60262770,Europe,2,320,0.0,2457.0
Ivory Coast,2023-03-02,88208,0,834.0,0.0,87346.0,0,28.0,0,1679087.0,27742298,Africa,315,"33,264",17.0,1.0
Ivory Coast,2023-03-03,88231,23,834.0,0.0,87369.0,21,28.0,0,1679900.0,27742298,Africa,314,"33,264",17.0,1.0
Ivory Coast,2023-03-04,88240,9,834.0,0.0,87378.0,12,28.0,0,1680188.0,27742298,Africa,314,"33,264",17.0,1.0
Ivory Coast,2023-03-05,88240,0,834.0,0.0,87378.0,0,28.0,0,1680188.0,27742298,Africa,314,"33,264",17.0,1.0
Ivory Coast,2023-03-06,88240,0,834.0,0.0,87378.0,0,28.0,0,1680188.0,27742298,Africa,314,"33,264",17.0,1.0
Jamaica,2023-03-02,154196,0,3502.0,0.0,102392.0,0,48302.0,0,1183986.0,2985094,North America,19,852,3.0,16181.0
Jamaica,2023-03-03,154196,0,3502.0,0.0,102392.0,0,48302.0,0,1183986.0,2985094,North America,19,852,3.0,16181.0
Jamaica,2023-03-04,154196,0,3502.0,0.0,102392.0,0,48302.0,0,1183986.0,2985094,North America,19,852,3.0,16181.0
Jamaica,2023-03-05,154196,0,3502.0,0.0,102392.0,0,48302.0,0,1183986.0,2985094,North America,19,852,3.0,16181.0
Jamaica,2023-03-06,154196,0,3502.0,0.0,102392.0,0,48302.0,0,1183986.0,2985094,North America,19,852,3.0,16181.0
Japan,2023-03-02,33230544,11506,72573.0,87.0,21687805.0,2053,11470166.0,141,95386077.0,125584838,Asia,4,"1,730",1.0,91334.0
Japan,2023-03-03,33241066,10522,72640.0,67.0,21689344.0,1538,11479082.0,130,95481075.0,125584838,Asia,4,"1,729",1.0,91405.0
Japan,2023-03-04,33251497,10431,72721.0,81.0,21692661.0,3387,11486115.0,131,95589075.0,125584838,Asia,4,"1,727",1.0,91461.0
Japan,2023-03-05,33260228,8731,72771.0,50.0,21693305.0,640,11494152.0,132,95633415.0,125584838,Asia,4,"1,726",1.0,91525.0
Japan,2023-03-06,33260228,0,72771.0,0.0,21693305.0,0,11494152.0,132,95633415.0,125584838,Asia,4,"1,726",1.0,91525.0
Jordan,2023-03-02,1746997,0,14122.0,0.0,1731011.0,0,1864.0,59,17201885.0,10300869,Asia,6,729,1.0,181.0
Jordan,2023-03-03,1746997,0,14122.0,0.0,1731011.0,0,1864.0,59,17201885.0,10300869,Asia,6,729,1.0,181.0
Jordan,2023-03-04,1746997,0,14122.0,0.0,1731011.0,0,1864.0,59,17201885.0,10300869,Asia,6,729,1.0,181.0
Jordan,2023-03-05,1746997,0,14122.0,0.0,1731011.0,0,1864.0,59,17201885.0,10300869,Asia,6,729,1.0,181.0
Jordan,2023-03-06,1746997,0,14122.0,0.0,1731011.0,0,1864.0,59,17201885.0,10300869,Asia,6,729,1.0,181.0
Kazakhstan,2023-03-02,1408038,96,13846.0,0.0,1383015.0,0,11177.0,24,11575012.0,19205043,Asia,14,"1,387",2.0,582.0
Kazakhstan,2023-03-03,1408124,86,13846.0,0.0,1383024.0,0,11254.0,24,11575012.0,19205043,Asia,14,"1,387",2.0,586.0
Kazakhstan,2023-03-04,1408124,0,13846.0,0.0,1383024.0,0,11254.0,24,11575012.0,19205043,Asia,14,"1,387",2.0,586.0
Kazakhstan,2023-03-05,1408124,0,13846.0,0.0,1383024.0,0,11254.0,24,11575012.0,19205043,Asia,14,"1,387",2.0,586.0
Kazakhstan,2023-03-06,1408124,0,13846.0,0.0,1383024.0,0,11254.0,24,11575012.0,19205043,Asia,14,"1,387",2.0,586.0
Kenya,2023-03-02,342919,0,5688.0,0.0,337214.0,0,17.0,1,3967062.0,56215221,Africa,164,"9,883",14.0,0.3
Kenya,2023-03-03,342919,0,5688.0,0.0,337214.0,0,17.0,1,3967062.0,56215221,Africa,164,"9,883",14.0,0.3
Kenya,2023-03-04,342919,0,5688.0,0.0,337214.0,0,17.0,1,3967062.0,56215221,Africa,164,"9,883",14.0,0.3
Kenya,2023-03-05,342919,0,5688.0,0.0,337214.0,0,17.0,1,3967062.0,56215221,Africa,164,"9,883",14.0,0.3
Kenya,2023-03-06,342919,0,5688.0,0.0,337214.0,0,17.0,1,3967062.0,56215221,Africa,164,"9,883",14.0,0.3
Kuwait,2023-03-02,663456,0,2570.0,0.0,660238.0,0,648.0,0,8455743.0,4380326,Asia,7,"1,704",1.0,148.0
Kuwait,2023-03-03,663456,0,2570.0,0.0,660238.0,0,648.0,0,8455743.0,4380326,Asia,7,"1,704",1.0,148.0
Kuwait,2023-03-04,663456,0,2570.0,0.0,660238.0,0,648.0,0,8455743.0,4380326,Asia,7,"1,704",1.0,148.0
Kuwait,2023-03-05,663456,0,2570.0,0.0,660238.0,0,648.0,0,8455743.0,4380326,Asia,7,"1,704",1.0,148.0
Kuwait,2023-03-06,663456,0,2570.0,0.0,660238.0,0,648.0,0,8455743.0,4380326,Asia,7,"1,704",1.0,148.0
Kyrgyzstan,2023-03-02,206673,0,2991.0,0.0,196409.0,0,7273.0,131,1907195.0,6728271,Asia,33,"2,250",4.0,1081.0
Kyrgyzstan,2023-03-03,206673,0,2991.0,0.0,196409.0,0,7273.0,131,1907195.0,6728271,Asia,33,"2,250",4.0,1081.0
Kyrgyzstan,2023-03-04,206673,0,2991.0,0.0,196409.0,0,7273.0,131,1907195.0,6728271,Asia,33,"2,250",4.0,1081.0
Kyrgyzstan,2023-03-05,206673,0,2991.0,0.0,196409.0,0,7273.0,131,1907195.0,6728271,Asia,33,"2,250",4.0,1081.0
Kyrgyzstan,2023-03-06,206673,0,2991.0,0.0,196409.0,0,7273.0,131,1907195.0,6728271,Asia,33,"2,250",4.0,1081.0
Laos,2023-03-02,218017,2,758.0,0.0,7663.0,0,209596.0,0,1233207.0,7481023,Asia,34,"9,869",6.0,28017.0
Laos,2023-03-03,218017,0,758.0,0.0,7663.0,0,209596.0,0,1233207.0,7481023,Asia,34,"9,869",6.0,28017.0
Laos,2023-03-04,218019,2,758.0,0.0,7658.0,0,209603.0,0,1233207.0,7481023,Asia,34,"9,869",6.0,28018.0
Laos,2023-03-05,218020,1,758.0,0.0,7659.0,0,209603.0,0,1233207.0,7481023,Asia,34,"9,869",6.0,28018.0
Laos,2023-03-06,218020,0,758.0,0.0,7659.0,0,209603.0,0,1233207.0,7481023,Asia,34,"9,869",6.0,28018.0
Latvia,2023-03-02,976051,20,6242.0,0.0,969485.0,18,324.0,13,7865040.0,1848837,Europe,2,296,0.0,175.0
Latvia,2023-03-03,976095,44,6244.0,2.0,969511.0,25,340.0,13,7865291.0,1848837,Europe,2,296,0.0,184.0
Latvia,2023-03-04,976095,0,6244.0,0.0,969511.0,0,340.0,13,7865291.0,1848837,Europe,2,296,0.0,184.0
Latvia,2023-03-05,976095,0,6244.0,0.0,969511.0,0,340.0,13,7865291.0,1848837,Europe,2,296,0.0,184.0
Latvia,2023-03-06,976095,0,6244.0,0.0,969511.0,0,340.0,13,7865291.0,1848837,Europe,2,296,0.0,184.0
Lebanon,2023-03-02,1232063,0,10832.0,0.0,1087587.0,0,133644.0,74,4795578.0,6684849,Asia,5,617,1.0,19992.0
Lebanon,2023-03-03,1232301,238,10835.0,3.0,1087589.0,0,133877.0,74,4795578.0,6684849,Asia,5,617,1.0,20027.0
Lebanon,2023-03-04,1232301,0,10835.0,0.0,1087589.0,0,133877.0,74,4795578.0,6684849,Asia,5,617,1.0,20027.0
Lebanon,2023-03-05,1232517,216,10840.0,5.0,1087586.0,0,134091.0,74,4795578.0,6684849,Asia,5,617,1.0,20059.0
Lebanon,2023-03-06,1232517,0,10840.0,0.0,1087586.0,0,134091.0,74,4795578.0,6684849,Asia,5,617,1.0,20059.0
Lesotho,2023-03-02,34790,0,723.0,0.0,25980.0,0,8087.0,0,431221.0,2175699,Africa,63,"3,009",5.0,3717.0
Lesotho,2023-03-03,34790,0,723.0,0.0,25980.0,0,8087.0,0,431221.0,2175699,Africa,63,"3,009",5.0,3717.0
Lesotho,2023-03-04,34790,0,723.0,0.0,25980.0,0,8087.0,0,431221.0,2175699,Africa,63,"3,009",5.0,3717.0
Lesotho,2023-03-05,34790,0,723.0,0.0,25980.0,0,8087.0,0,431221.0,2175699,Africa,63,"3,009",5.0,3717.0
Lesotho,2023-03-06,34790,0,723.0,0.0,25980.0,0,8087.0,0,431221.0,2175699,Africa,63,"3,009",5.0,3717.0
Liberia,2023-03-02,8090,0,295.0,0.0,7784.0,0,11.0,2,139824.0,5305117,Africa,656,"17,983",38.0,2.0
Liberia,2023-03-03,8090,0,295.0,0.0,7784.0,0,11.0,2,139824.0,5305117,Africa,656,"17,983",38.0,2.0
Liberia,2023-03-04,8090,0,295.0,0.0,7784.0,0,11.0,2,139824.0,5305117,Africa,656,"17,983",38.0,2.0
Liberia,2023-03-05,8090,0,295.0,0.0,7784.0,0,11.0,2,139824.0,5305117,Africa,656,"17,983",38.0,2.0
Liberia,2023-03-06,8090,0,295.0,0.0,7784.0,0,11.0,2,139824.0,5305117,Africa,656,"17,983",38.0,2.0
Libya,2023-03-02,507174,0,6437.0,0.0,500734.0,0,3.0,0,2483676.0,7040745,Africa,14,"1,094",3.0,0.4
Libya,2023-03-03,507174,0,6437.0,0.0,500734.0,0,3.0,0,2483676.0,7040745,Africa,14,"1,094",3.0,0.4
Libya,2023-03-04,507174,0,6437.0,0.0,500734.0,0,3.0,0,2483676.0,7040745,Africa,14,"1,094",3.0,0.4
Libya,2023-03-05,507174,0,6437.0,0.0,500734.0,0,3.0,0,2483676.0,7040745,Africa,14,"1,094",3.0,0.4
Libya,2023-03-06,507174,0,6437.0,0.0,500734.0,0,3.0,0,2483676.0,7040745,Africa,14,"1,094",3.0,0.4
Lithuania,2023-03-02,1305568,390,9589.0,0.0,1290062.0,335,5917.0,6,10380567.0,2661708,Europe,2,278,0.0,2223.0
Lithuania,2023-03-03,1305902,334,9590.0,1.0,1290366.0,303,5946.0,7,10381848.0,2661708,Europe,2,278,0.0,2234.0
Lithuania,2023-03-04,1306276,351,9594.0,1.0,1290411.0,46,6271.0,7,10381848.0,2661708,Europe,2,277,0.0,2356.0
Lithuania,2023-03-05,1306327,51,9594.0,0.0,1290462.0,49,6271.0,7,10381848.0,2661708,Europe,2,277,0.0,2356.0
Lithuania,2023-03-06,1306327,0,9594.0,0.0,1290462.0,0,6271.0,7,10381848.0,2661708,Europe,2,277,0.0,2356.0
Madagascar,2023-03-02,67865,0,1422.0,0.0,66434.0,0,9.0,0,525461.0,29178077,Africa,430,"20,519",56.0,0.3
Madagascar,2023-03-03,67865,0,1422.0,0.0,66434.0,0,9.0,0,525461.0,29178077,Africa,430,"20,519",56.0,0.3
Madagascar,2023-03-04,67865,0,1422.0,0.0,66434.0,0,9.0,0,525461.0,29178077,Africa,430,"20,519",56.0,0.3
Madagascar,2023-03-05,67889,24,1423.0,1.0,66446.0,12,20.0,0,526651.0,29178077,Africa,430,"20,505",55.0,0.7
Madagascar,2023-03-06,67889,0,1423.0,0.0,66446.0,0,20.0,0,526651.0,29178077,Africa,430,"20,505",55.0,0.7
Malawi,2023-03-02,88702,0,2686.0,0.0,85572.0,0,444.0,67,624784.0,20180839,Africa,228,"7,513",32.0,22.0
Malawi,2023-03-03,88702,0,2686.0,0.0,85572.0,0,444.0,67,624784.0,20180839,Africa,228,"7,513",32.0,22.0
Malawi,2023-03-04,88702,0,2686.0,0.0,85572.0,0,444.0,67,624784.0,20180839,Africa,228,"7,513",32.0,22.0
Malawi,2023-03-05,88702,0,2686.0,0.0,85572.0,0,444.0,67,624784.0,20180839,Africa,228,"7,513",32.0,22.0
Malawi,2023-03-06,88702,0,2686.0,0.0,85572.0,0,444.0,67,624784.0,20180839,Africa,228,"7,513",32.0,22.0
Malaysia,2023-03-02,5043252,244,36965.0,5.0,4996830.0,0,9457.0,7,68217426.0,33181072,Asia,7,898,0.0,285.0
Malaysia,2023-03-03,5043456,204,36965.0,0.0,4997233.0,426,9258.0,6,68236549.0,33181072,Asia,7,898,0.0,279.0
Malaysia,2023-03-04,5043626,170,36965.0,0.0,4997437.0,178,9224.0,4,68255672.0,33181072,Asia,7,898,0.0,278.0
Malaysia,2023-03-05,5043790,164,36966.0,1.0,4997633.0,198,9191.0,4,68255672.0,33181072,Asia,7,898,0.0,277.0
Malaysia,2023-03-06,5043790,0,36966.0,0.0,4997633.0,0,9191.0,4,68255672.0,33181072,Asia,7,898,0.0,277.0
Mali,2023-03-02,33045,11,743.0,0.0,32130.0,19,172.0,0,796192.0,21473764,Africa,650,"28,901",27.0,8.0
Mali,2023-03-03,33051,6,743.0,0.0,32136.0,15,172.0,0,796406.0,21473764,Africa,650,"28,901",27.0,8.0
Mali,2023-03-04,33051,0,743.0,0.0,32136.0,0,172.0,0,796406.0,21473764,Africa,650,"28,901",27.0,8.0
Mali,2023-03-05,33053,2,743.0,0.0,32160.0,5,150.0,0,796609.0,21473764,Africa,650,"28,901",27.0,7.0
Mali,2023-03-06,33053,0,743.0,0.0,32160.0,0,150.0,0,796609.0,21473764,Africa,650,"28,901",27.0,7.0
Mauritania,2023-03-02,63668,0,997.0,0.0,62441.0,0,230.0,0,1009957.0,4901981,Africa,77,"4,917",5.0,47.0
Mauritania,2023-03-03,63668,0,997.0,0.0,62441.0,0,230.0,0,1009957.0,4901981,Africa,77,"4,917",5.0,47.0
Mauritania,2023-03-04,63668,0,997.0,0.0,62441.0,0,230.0,0,1009957.0,4901981,Africa,77,"4,917",5.0,47.0
Mauritania,2023-03-05,63668,0,997.0,0.0,62441.0,0,230.0,0,1009957.0,4901981,Africa,77,"4,917",5.0,47.0
Mauritania,2023-03-06,63668,0,997.0,0.0,62441.0,0,230.0,0,1009957.0,4901981,Africa,77,"4,917",5.0,47.0
Mauritius,2023-03-02,41717,0,1043.0,0.0,40012.0,0,662.0,0,358675.0,1274727,Africa,31,"1,222",4.0,519.0
Mauritius,2023-03-03,41752,35,1043.0,0.0,40030.0,18,679.0,0,358675.0,1274727,Africa,31,"1,222",4.0,533.0
Mauritius,2023-03-04,41752,0,1043.0,0.0,40030.0,0,679.0,0,358675.0,1274727,Africa,31,"1,222",4.0,533.0
Mauritius,2023-03-05,41752,0,1043.0,0.0,40030.0,0,679.0,0,358675.0,1274727,Africa,31,"1,222",4.0,533.0
Mauritius,2023-03-06,41752,0,1043.0,0.0,40030.0,0,679.0,0,358675.0,1274727,Africa,31,"1,222",4.0,533.0
Mexico,2023-03-02,7459860,8431,333038.0,50.0,6696875.0,5957,429947.0,0,19572325.0,131562772,North America,18,395,7.0,3268.0
Mexico,2023-03-03,7459860,0,333038.0,0.0,6696875.0,0,429947.0,0,19572325.0,131562772,North America,18,395,7.0,3268.0
Mexico,2023-03-04,7470128,10268,333096.0,58.0,6703796.0,6988,433236.0,0,19572325.0,131562772,North America,18,395,7.0,3293.0
Mexico,2023-03-05,7470128,0,333096.0,0.0,6703796.0,0,433236.0,0,19572325.0,131562772,North America,18,395,7.0,3293.0
Mexico,2023-03-06,7470128,0,333096.0,0.0,6703796.0,0,433236.0,0,19572325.0,131562772,North America,18,395,7.0,3293.0
Moldova,2023-03-02,607450,0,11988.0,0.0,504142.0,0,91320.0,49,3216305.0,4013171,Europe,7,335,1.0,22755.0
Moldova,2023-03-03,607450,0,11988.0,0.0,504142.0,0,91320.0,49,3216305.0,4013171,Europe,7,335,1.0,22755.0
Moldova,2023-03-04,607450,0,11988.0,0.0,504142.0,0,91320.0,49,3216305.0,4013171,Europe,7,335,1.0,22755.0
Moldova,2023-03-05,607450,0,11988.0,0.0,504142.0,0,91320.0,49,3216305.0,4013171,Europe,7,335,1.0,22755.0
Moldova,2023-03-06,607450,0,11988.0,0.0,504142.0,0,91320.0,49,3216305.0,4013171,Europe,7,335,1.0,22755.0
Mongolia,2023-03-02,1007897,0,2179.0,0.0,1005711.0,0,7.0,192,4030048.0,3378078,Asia,3,"1,550",1.0,2.0
Mongolia,2023-03-03,1007897,0,2179.0,0.0,1005716.0,5,2.0,192,4030048.0,3378078,Asia,3,"1,550",1.0,0.6
Mongolia,2023-03-04,1007897,0,2179.0,0.0,1005716.0,0,2.0,192,4030048.0,3378078,Asia,3,"1,550",1.0,0.6
Mongolia,2023-03-05,1007897,0,2179.0,0.0,1005716.0,0,2.0,192,4030048.0,3378078,Asia,3,"1,550",1.0,0.6
Mongolia,2023-03-06,1007897,0,2179.0,0.0,1005716.0,0,2.0,192,4030048.0,3378078,Asia,3,"1,550",1.0,0.6
Morocco,2023-03-02,1272471,12,16296.0,0.0,1256099.0,7,76.0,3,12987287.0,37772756,Africa,30,"2,318",3.0,2.0
Morocco,2023-03-03,1272477,6,16296.0,0.0,1256105.0,15,76.0,3,12988810.0,37772756,Africa,30,"2,318",3.0,2.0
Morocco,2023-03-04,1272486,9,16296.0,0.0,1256114.0,5,76.0,3,12989908.0,37772756,Africa,30,"2,318",3.0,2.0
Morocco,2023-03-05,1272487,1,16296.0,0.0,1256153.0,17,38.0,3,12991937.0,37772756,Africa,30,"2,318",3.0,1.0
Morocco,2023-03-06,1272487,0,16296.0,0.0,1256153.0,0,38.0,3,12991937.0,37772756,Africa,30,"2,318",3.0,1.0
Mozambique,2023-03-02,233098,0,2242.0,0.0,228804.0,0,2052.0,11,1371127.0,33089461,Africa,142,"14,759",24.0,62.0
Mozambique,2023-03-03,233098,0,2242.0,0.0,228804.0,0,2052.0,11,1371127.0,33089461,Africa,142,"14,759",24.0,62.0
Mozambique,2023-03-04,233098,0,2242.0,0.0,228804.0,0,2052.0,11,1371127.0,33089461,Africa,142,"14,759",24.0,62.0
Mozambique,2023-03-05,233098,0,2242.0,0.0,228804.0,0,2052.0,11,1371127.0,33089461,Africa,142,"14,759",24.0,62.0
Mozambique,2023-03-06,233098,0,2242.0,0.0,228804.0,0,2052.0,11,1371127.0,33089461,Africa,142,"14,759",24.0,62.0
Myanmar,2023-03-02,633935,10,19490.0,0.0,614401.0,1,44.0,0,10061205.0,55227143,Asia,87,"2,834",5.0,0.8
Myanmar,2023-03-03,633935,0,19490.0,0.0,614401.0,1,44.0,0,10064165.0,55227143,Asia,87,"2,834",5.0,0.8
Myanmar,2023-03-04,633945,10,19490.0,0.0,614411.0,7,44.0,0,10068417.0,55227143,Asia,87,"2,834",5.0,0.8
Myanmar,2023-03-05,633946,1,19490.0,0.0,614412.0,1,44.0,0,10071815.0,55227143,Asia,87,"2,834",5.0,0.8
Myanmar,2023-03-06,633946,0,19490.0,0.0,614412.0,0,44.0,0,10071815.0,55227143,Asia,87,"2,834",5.0,0.8
Namibia,2023-03-02,171156,0,4090.0,0.0,166776.0,0,290.0,0,1062663.0,2633874,Africa,15,644,2.0,110.0
Namibia,2023-03-03,171156,0,4090.0,0.0,166776.0,0,290.0,0,1062663.0,2633874,Africa,15,644,2.0,110.0
Namibia,2023-03-04,171156,0,4090.0,0.0,166776.0,0,290.0,0,1062663.0,2633874,Africa,15,644,2.0,110.0
Namibia,2023-03-05,171156,0,4090.0,0.0,166776.0,0,290.0,0,1062663.0,2633874,Africa,15,644,2.0,110.0
Namibia,2023-03-06,171156,0,4090.0,0.0,166776.0,0,290.0,0,1062663.0,2633874,Africa,15,644,2.0,110.0
Nepal,2023-03-02,1001149,1,12020.0,0.0,989120.0,3,9.0,0,6013833.0,30225582,Asia,30,"2,515",5.0,0.3
Nepal,2023-03-03,1001149,0,12020.0,0.0,989120.0,1,9.0,0,6013947.0,30225582,Asia,30,"2,515",5.0,0.3
Nepal,2023-03-04,1001149,0,12020.0,0.0,989123.0,1,6.0,0,6013984.0,30225582,Asia,30,"2,515",5.0,0.2
Nepal,2023-03-05,1001149,0,12020.0,0.0,989123.0,1,6.0,0,6014248.0,30225582,Asia,30,"2,515",5.0,0.2
Nepal,2023-03-06,1001149,0,12020.0,0.0,989123.0,0,6.0,0,6014248.0,30225582,Asia,30,"2,515",5.0,0.2
Netherlands,2023-03-02,8597625,619,22992.0,0.0,8559005.0,186,15628.0,53,25984435.0,17211447,Europe,2,749,1.0,908.0
Netherlands,2023-03-03,8598182,557,22992.0,0.0,8559872.0,862,15318.0,53,25984435.0,17211447,Europe,2,749,1.0,890.0
Netherlands,2023-03-04,8598182,0,22992.0,0.0,8559872.0,0,15318.0,53,25984435.0,17211447,Europe,2,749,1.0,890.0
Netherlands,2023-03-05,8598182,0,22992.0,0.0,8560302.0,432,14888.0,53,25984435.0,17211447,Europe,2,749,1.0,865.0
Netherlands,2023-03-06,8598182,0,22992.0,0.0,8560681.0,381,14509.0,53,25984435.0,17211447,Europe,2,749,1.0,843.0
New Zealand,2023-03-02,2216852,0,3904.0,0.0,2205356.0,0,7592.0,0,7768604.0,4898203,Australia/Oceania,2,"1,255",1.0,1550.0
New Zealand,2023-03-03,2216852,0,3904.0,0.0,2205356.0,0,7592.0,0,7768604.0,4898203,Australia/Oceania,2,"1,255",1.0,1550.0
New Zealand,2023-03-04,2216852,0,3904.0,0.0,2205356.0,0,7592.0,0,7768604.0,4898203,Australia/Oceania,2,"1,255",1.0,1550.0
New Zealand,2023-03-05,2216852,0,3904.0,0.0,2205356.0,0,7592.0,0,7768604.0,4898203,Australia/Oceania,2,"1,255",1.0,1550.0
New Zealand,2023-03-06,2216852,0,3904.0,0.0,2205356.0,0,7592.0,0,7768604.0,4898203,Australia/Oceania,2,"1,255",1.0,1550.0
Nicaragua,2023-03-02,18491,0,225.0,0.0,4226.0,0,14040.0,0,,6779100,North America,367,"30,129",,2071.0
Nicaragua,2023-03-03,18491,0,225.0,0.0,4226.0,0,14040.0,0,,6779100,North America,367,"30,129",,2071.0
Nicaragua,2023-03-04,18491,0,225.0,0.0,4226.0,0,14040.0,0,,6779100,North America,367,"30,129",,2071.0
Nicaragua,2023-03-05,18491,0,225.0,0.0,4226.0,0,14040.0,0,,6779100,North America,367,"30,129",,2071.0
Nicaragua,2023-03-06,18491,0,225.0,0.0,4226.0,0,14040.0,0,,6779100,North America,367,"30,129",,2071.0
Niger,2023-03-02,9931,0,312.0,0.0,8889.0,0,730.0,1,254538.0,26083660,Africa,"2,626","83,601",102.0,28.0
Niger,2023-03-03,9931,0,312.0,0.0,8889.0,0,730.0,1,254538.0,26083660,Africa,"2,626","83,601",102.0,28.0
Niger,2023-03-04,9931,0,312.0,0.0,8889.0,0,730.0,1,254538.0,26083660,Africa,"2,626","83,601",102.0,28.0
Niger,2023-03-05,9931,0,312.0,0.0,8889.0,0,730.0,1,254538.0,26083660,Africa,"2,626","83,601",102.0,28.0
Niger,2023-03-06,9931,0,312.0,0.0,8889.0,0,730.0,1,254538.0,26083660,Africa,"2,626","83,601",102.0,28.0
Nigeria,2023-03-02,266598,0,3155.0,0.0,259975.0,0,3468.0,11,5708974.0,216746934,Africa,813,"68,700",38.0,16.0
Nigeria,2023-03-03,266598,0,3155.0,0.0,259975.0,0,3468.0,11,5708974.0,216746934,Africa,813,"68,700",38.0,16.0
Nigeria,2023-03-04,266598,0,3155.0,0.0,259975.0,0,3468.0,11,5708974.0,216746934,Africa,813,"68,700",38.0,16.0
Nigeria,2023-03-05,266598,0,3155.0,0.0,259975.0,0,3468.0,11,5708974.0,216746934,Africa,813,"68,700",38.0,16.0
Nigeria,2023-03-06,266598,0,3155.0,0.0,259975.0,0,3468.0,11,5708974.0,216746934,Africa,813,"68,700",38.0,16.0
North Macedonia,2023-03-02,346852,0,9662.0,0.0,337067.0,0,123.0,0,2226216.0,2081304,Europe,6,215,1.0,59.0
North Macedonia,2023-03-03,346852,0,9662.0,0.0,337067.0,0,123.0,0,2226216.0,2081304,Europe,6,215,1.0,59.0
North Macedonia,2023-03-04,346852,0,9662.0,0.0,337067.0,0,123.0,0,2226216.0,2081304,Europe,6,215,1.0,59.0
North Macedonia,2023-03-05,346852,0,9662.0,0.0,337067.0,0,123.0,0,2226216.0,2081304,Europe,6,215,1.0,59.0
North Macedonia,2023-03-06,346852,0,9662.0,0.0,337067.0,0,123.0,0,2226216.0,2081304,Europe,6,215,1.0,59.0
Norway,2023-03-02,1479149,62,5213.0,0.0,1473258.0,0,678.0,20,11002430.0,5511370,Europe,4,"1,057",1.0,123.0
Norway,2023-03-03,1479208,59,5213.0,0.0,1473279.0,17,716.0,20,11002430.0,5511370,Europe,4,"1,057",1.0,130.0
Norway,2023-03-04,1479235,27,5213.0,0.0,1473322.0,47,700.0,20,11002430.0,5511370,Europe,4,"1,057",1.0,127.0
Norway,2023-03-05,1479259,24,5213.0,0.0,1473374.0,48,672.0,20,11002430.0,5511370,Europe,4,"1,057",1.0,122.0
Norway,2023-03-06,1479259,0,5213.0,0.0,1473374.0,0,672.0,20,11002430.0,5511370,Europe,4,"1,057",1.0,122.0
Oman,2023-03-02,399449,0,4628.0,0.0,384668.0,0,10153.0,2,25000000.0,5323993,Asia,13,"1,150",0.0,1907.0
Oman,2023-03-03,399449,0,4628.0,0.0,384668.0,0,10153.0,2,25000000.0,5323993,Asia,13,"1,150",0.0,1907.0
Oman,2023-03-04,399449,0,4628.0,0.0,384668.0,0,10153.0,2,25000000.0,5323993,Asia,13,"1,150",0.0,1907.0
Oman,2023-03-05,399449,0,4628.0,0.0,384668.0,0,10153.0,2,25000000.0,5323993,Asia,13,"1,150",0.0,1907.0
Oman,2023-03-06,399449,0,4628.0,0.0,384668.0,0,10153.0,2,25000000.0,5323993,Asia,13,"1,150",0.0,1907.0
Pakistan,2023-03-02,1577031,32,30643.0,0.0,1538585.0,0,7803.0,12,30570862.0,229488994,Asia,146,"7,489",8.0,34.0
Pakistan,2023-03-03,1577073,42,30643.0,0.0,1538627.0,0,7803.0,8,30570862.0,229488994,Asia,146,"7,489",8.0,34.0
Pakistan,2023-03-04,1577119,46,30643.0,0.0,1538673.0,0,7803.0,7,30570862.0,229488994,Asia,146,"7,489",8.0,34.0
Pakistan,2023-03-05,1577164,45,30643.0,0.0,1538718.0,0,7803.0,7,30570862.0,229488994,Asia,146,"7,489",8.0,34.0
Pakistan,2023-03-06,1577164,0,30643.0,0.0,1538718.0,0,7803.0,7,30570862.0,229488994,Asia,146,"7,489",8.0,34.0
Palestine,2023-03-02,621008,0,5404.0,0.0,615444.0,0,160.0,17,3078533.0,5345541,Asia,9,989,2.0,30.0
Palestine,2023-03-03,621008,0,5404.0,0.0,615444.0,0,160.0,17,3078533.0,5345541,Asia,9,989,2.0,30.0
Palestine,2023-03-04,621008,0,5404.0,0.0,615444.0,0,160.0,17,3078533.0,5345541,Asia,9,989,2.0,30.0
Palestine,2023-03-05,621008,0,5404.0,0.0,615444.0,0,160.0,17,3078533.0,5345541,Asia,9,989,2.0,30.0
Palestine,2023-03-06,621008,0,5404.0,0.0,615444.0,0,160.0,17,3078533.0,5345541,Asia,9,989,2.0,30.0
Panama,2023-03-02,1031273,0,8604.0,0.0,1022300.0,0,369.0,16,7532271.0,4446964,North America,4,517,1.0,83.0
Panama,2023-03-03,1031273,0,8604.0,0.0,1022300.0,0,369.0,16,7532271.0,4446964,North America,4,517,1.0,83.0
Panama,2023-03-04,1031273,0,8604.0,0.0,1022300.0,0,369.0,16,7532271.0,4446964,North America,4,517,1.0,83.0
Panama,2023-03-05,1031273,0,8604.0,0.0,1022300.0,0,369.0,16,7532271.0,4446964,North America,4,517,1.0,83.0
Panama,2023-03-06,1031273,0,8604.0,0.0,1022300.0,0,369.0,16,7532271.0,4446964,North America,4,517,1.0,83.0
Papua New Guinea,2023-03-02,46809,0,670.0,0.0,43983.0,0,2156.0,7,249149.0,9292169,Australia/Oceania,199,"13,869",37.0,232.0
Papua New Guinea,2023-03-03,46809,0,670.0,0.0,43983.0,0,2156.0,7,249149.0,9292169,Australia/Oceania,199,"13,869",37.0,232.0
Papua New Guinea,2023-03-04,46809,0,670.0,0.0,43983.0,0,2156.0,7,249149.0,9292169,Australia/Oceania,199,"13,869",37.0,232.0
Papua New Guinea,2023-03-05,46809,0,670.0,0.0,43983.0,0,2156.0,7,249149.0,9292169,Australia/Oceania,199,"13,869",37.0,232.0
Papua New Guinea,2023-03-06,46809,0,670.0,0.0,43983.0,0,2156.0,7,249149.0,9292169,Australia/Oceania,199,"13,869",37.0,232.0
Paraguay,2023-03-02,808327,0,19870.0,0.0,698318.0,0,90139.0,7,2657506.0,7305843,South America,9,368,3.0,12338.0
Paraguay,2023-03-03,808401,74,19878.0,8.0,698318.0,0,90205.0,7,2657506.0,7305843,South America,9,368,3.0,12347.0
Paraguay,2023-03-04,808401,0,19878.0,0.0,698318.0,0,90205.0,7,2657506.0,7305843,South America,9,368,3.0,12347.0
Paraguay,2023-03-05,808401,0,19878.0,0.0,698318.0,0,90205.0,7,2657506.0,7305843,South America,9,368,3.0,12347.0
Paraguay,2023-03-06,808401,0,19878.0,0.0,698318.0,0,90205.0,7,2657506.0,7305843,South America,9,368,3.0,12347.0
Peru,2023-03-02,4486282,248,219448.0,9.0,4264914.0,325,1920.0,36,38053752.0,33684208,South America,8,153,1.0,57.0
Peru,2023-03-03,4486453,171,219478.0,30.0,4265089.0,160,1886.0,35,38065549.0,33684208,South America,8,153,1.0,56.0
Peru,2023-03-04,4486665,212,219485.0,7.0,4265159.0,90,2021.0,34,38078495.0,33684208,South America,8,153,1.0,60.0
Peru,2023-03-05,4486832,167,219493.0,8.0,4265284.0,111,2055.0,33,38089514.0,33684208,South America,8,153,1.0,61.0
Peru,2023-03-06,4486832,0,219493.0,0.0,4265284.0,0,2055.0,33,38089514.0,33684208,South America,8,153,1.0,61.0
Philippines,2023-03-02,4076562,158,66126.0,8.0,4001098.0,66,9338.0,162,34611586.0,112508994,Asia,28,"1,701",3.0,83.0
Philippines,2023-03-03,4076704,142,66133.0,7.0,4001233.0,80,9338.0,162,34621433.0,112508994,Asia,28,"1,701",3.0,83.0
Philippines,2023-03-04,4076858,162,66143.0,10.0,4001714.0,449,9001.0,162,34629611.0,112508994,Asia,28,"1,701",3.0,80.0
Philippines,2023-03-05,4077002,144,66153.0,10.0,4001961.0,241,8888.0,162,34637220.0,112508994,Asia,28,"1,701",3.0,79.0
Philippines,2023-03-06,4077002,0,66153.0,0.0,4001961.0,0,8888.0,162,34637220.0,112508994,Asia,28,"1,701",3.0,79.0
Poland,2023-03-02,6425492,3028,118924.0,26.0,5335938.0,0,970630.0,696,38288150.0,37739785,Europe,6,317,1.0,25719.0
Poland,2023-03-03,6428783,3291,118941.0,17.0,5335929.0,0,973913.0,696,38297715.0,37739785,Europe,6,317,1.0,25806.0
Poland,2023-03-04,6431888,3112,118952.0,11.0,5335928.0,0,977008.0,696,38306928.0,37739785,Europe,6,317,1.0,25888.0
Poland,2023-03-05,6432315,427,118952.0,0.0,5335940.0,0,977423.0,696,38309361.0,37739785,Europe,6,317,1.0,25899.0
Poland,2023-03-06,6432315,0,118952.0,0.0,5335940.0,0,977423.0,696,38309361.0,37739785,Europe,6,317,1.0,25899.0
Portugal,2023-03-02,5568084,0,26180.0,0.0,5537726.0,0,4178.0,61,45980330.0,10140570,Europe,2,387,0.0,412.0
Portugal,2023-03-03,5568084,0,26180.0,0.0,5538071.0,347,3833.0,61,45980330.0,10140570,Europe,2,387,0.0,378.0
Portugal,2023-03-04,5568084,0,26180.0,0.0,5538071.0,0,3833.0,61,45980330.0,10140570,Europe,2,387,0.0,378.0
Portugal,2023-03-05,5568084,0,26180.0,0.0,5538071.0,0,3833.0,61,45980330.0,10140570,Europe,2,387,0.0,378.0
Portugal,2023-03-06,5568084,0,26180.0,0.0,5538071.0,0,3833.0,61,45980330.0,10140570,Europe,2,387,0.0,378.0
Qatar,2023-03-02,494377,106,686.0,0.0,493226.0,87,465.0,32,4065369.0,2979915,Asia,6,"4,344",1.0,156.0
Qatar,2023-03-03,494377,0,686.0,0.0,493226.0,0,465.0,32,4065369.0,2979915,Asia,6,"4,344",1.0,156.0
Qatar,2023-03-04,494377,0,686.0,0.0,493226.0,0,465.0,32,4065369.0,2979915,Asia,6,"4,344",1.0,156.0
Qatar,2023-03-05,494522,145,687.0,1.0,493436.0,210,399.0,32,4065369.0,2979915,Asia,6,"4,338",1.0,134.0
Qatar,2023-03-06,494522,0,687.0,0.0,493436.0,0,399.0,32,4065369.0,2979915,Asia,6,"4,338",1.0,134.0
Romania,2023-03-02,3340342,0,67704.0,0.0,3263294.0,0,9344.0,115,26676248.0,19031335,Europe,6,281,1.0,491.0
Romania,2023-03-03,3340342,0,67704.0,0.0,3263294.0,0,9344.0,115,26676248.0,19031335,Europe,6,281,1.0,491.0
Romania,2023-03-04,3340342,0,67704.0,0.0,3263294.0,0,9344.0,115,26676248.0,19031335,Europe,6,281,1.0,491.0
Romania,2023-03-05,3340342,0,67704.0,0.0,3263294.0,0,9344.0,115,26676248.0,19031335,Europe,6,281,1.0,491.0
Romania,2023-03-06,3340342,0,67704.0,0.0,3263294.0,0,9344.0,115,26676248.0,19031335,Europe,6,281,1.0,491.0
Russia,2023-03-02,22300004,14096,396176.0,39.0,21645314.0,13937,258514.0,0,273400000.0,145805947,Europe,7,368,1.0,1773.0
Russia,2023-03-03,22314520,14516,396216.0,40.0,21656874.0,11512,261430.0,0,273400000.0,145805947,Europe,7,368,1.0,1793.0
Russia,2023-03-04,22328569,14049,396255.0,39.0,21668259.0,11462,264055.0,0,273400000.0,145805947,Europe,7,368,1.0,1811.0
Russia,2023-03-05,22342128,13559,396298.0,43.0,21677255.0,8936,268575.0,0,273400000.0,145805947,Europe,7,368,1.0,1842.0
Russia,2023-03-06,22342128,0,396298.0,0.0,21677255.0,0,268575.0,0,273400000.0,145805947,Europe,7,368,1.0,1842.0
Rwanda,2023-03-02,133180,0,1468.0,0.0,131630.0,0,82.0,0,6021981.0,13600464,Africa,102,"9,265",2.0,6.0
Rwanda,2023-03-03,133180,0,1468.0,0.0,131630.0,0,82.0,0,6021981.0,13600464,Africa,102,"9,265",2.0,6.0
Rwanda,2023-03-04,133180,0,1468.0,0.0,131630.0,0,82.0,0,6021981.0,13600464,Africa,102,"9,265",2.0,6.0
Rwanda,2023-03-05,133180,0,1468.0,0.0,131630.0,0,82.0,0,6021981.0,13600464,Africa,102,"9,265",2.0,6.0
Rwanda,2023-03-06,133180,0,1468.0,0.0,131630.0,0,82.0,0,6021981.0,13600464,Africa,102,"9,265",2.0,6.0
S. Korea,2023-03-02,30533573,7561,34003.0,15.0,30316220.0,12040,183350.0,129,15804065.0,51329899,Asia,2,"1,510",3.0,3572.0
S. Korea,2023-03-03,30543981,10408,34014.0,11.0,30321381.0,5159,188586.0,135,15804065.0,51329899,Asia,2,"1,509",3.0,3674.0
S. Korea,2023-03-04,30555102,11121,34020.0,6.0,30350667.0,29317,170415.0,143,15804065.0,51329899,Asia,2,"1,509",3.0,3320.0
S. Korea,2023-03-05,30564915,9813,34025.0,5.0,30363195.0,12513,167695.0,143,15804065.0,51329899,Asia,2,"1,509",3.0,3267.0
S. Korea,2023-03-06,30569215,4300,34034.0,9.0,30363175.0,0,172006.0,145,15804065.0,51329899,Asia,2,"1,508",3.0,3351.0
Saudi Arabia,2023-03-02,829624,70,9617.0,2.0,816817.0,39,3190.0,31,45151519.0,35844909,Asia,43,"3,727",1.0,89.0
Saudi Arabia,2023-03-03,829624,0,9617.0,0.0,816817.0,0,3190.0,31,45151519.0,35844909,Asia,43,"3,727",1.0,89.0
Saudi Arabia,2023-03-04,829730,106,9617.0,0.0,816887.0,74,3226.0,31,45151519.0,35844909,Asia,43,"3,727",1.0,90.0
Saudi Arabia,2023-03-05,829784,54,9617.0,0.0,816941.0,49,3226.0,42,45160066.0,35844909,Asia,43,"3,727",1.0,90.0
Saudi Arabia,2023-03-06,829784,0,9617.0,0.0,816941.0,0,3226.0,42,45160066.0,35844909,Asia,43,"3,727",1.0,90.0
Senegal,2023-03-02,88921,0,1971.0,0.0,86946.0,0,4.0,0,1146543.0,17653671,Africa,199,"8,957",15.0,0.2
Senegal,2023-03-03,88921,0,1971.0,0.0,86946.0,0,4.0,0,1146543.0,17653671,Africa,199,"8,957",15.0,0.2
Senegal,2023-03-04,88921,0,1971.0,0.0,86946.0,0,4.0,0,1146543.0,17653671,Africa,199,"8,957",15.0,0.2
Senegal,2023-03-05,88921,0,1971.0,0.0,86946.0,0,4.0,0,1146543.0,17653671,Africa,199,"8,957",15.0,0.2
Senegal,2023-03-06,88921,0,1971.0,0.0,86946.0,0,4.0,0,1146543.0,17653671,Africa,199,"8,957",15.0,0.2
Serbia,2023-03-02,2494381,1818,17839.0,13.0,2461841.0,933,14701.0,10,12415033.0,8653016,Europe,3,485,1.0,1699.0
Serbia,2023-03-03,2495185,804,17844.0,5.0,2462648.0,812,14693.0,10,12422732.0,8653016,Europe,3,485,1.0,1698.0
Serbia,2023-03-04,2495808,623,17847.0,3.0,2463554.0,903,14407.0,10,12428148.0,8653016,Europe,3,485,1.0,1665.0
Serbia,2023-03-05,2496295,487,17855.0,8.0,2464240.0,691,14200.0,15,12432146.0,8653016,Europe,3,485,1.0,1641.0
Serbia,2023-03-06,2496295,0,17855.0,0.0,2464232.0,0,14208.0,15,12432146.0,8653016,Europe,3,485,1.0,1642.0
Sierra Leone,2023-03-02,7760,0,126.0,0.0,4893.0,0,2741.0,0,259958.0,8306436,Africa,"1,070","65,924",32.0,330.0
Sierra Leone,2023-03-03,7760,0,126.0,0.0,4893.0,0,2741.0,0,259958.0,8306436,Africa,"1,070","65,924",32.0,330.0
Sierra Leone,2023-03-04,7760,0,126.0,0.0,4893.0,0,2741.0,0,259958.0,8306436,Africa,"1,070","65,924",32.0,330.0
Sierra Leone,2023-03-05,7760,0,126.0,0.0,4893.0,0,2741.0,0,259958.0,8306436,Africa,"1,070","65,924",32.0,330.0
Sierra Leone,2023-03-06,7760,0,126.0,0.0,4893.0,0,2741.0,0,259958.0,8306436,Africa,"1,070","65,924",32.0,330.0
Singapore,2023-03-02,2230570,0,1722.0,0.0,2149585.0,0,79263.0,1,24756666.0,5943546,Asia,3,"3,452",0.0,13336.0
Singapore,2023-03-03,2230570,0,1722.0,0.0,2149585.0,0,79263.0,1,24756666.0,5943546,Asia,3,"3,452",0.0,13336.0
Singapore,2023-03-04,2230570,0,1722.0,0.0,2149585.0,0,79263.0,1,24756666.0,5943546,Asia,3,"3,452",0.0,13336.0
Singapore,2023-03-05,2230570,0,1722.0,0.0,2149585.0,0,79263.0,1,24756666.0,5943546,Asia,3,"3,452",0.0,13336.0
Singapore,2023-03-06,2230570,0,1722.0,0.0,2149585.0,0,79263.0,1,24756666.0,5943546,Asia,3,"3,452",0.0,13336.0
Slovakia,2023-03-02,1863115,93,21026.0,2.0,1840899.0,90,1190.0,20,7404376.0,5460193,Europe,3,260,1.0,218.0
Slovakia,2023-03-03,1863238,123,21029.0,3.0,1840997.0,100,1212.0,20,7404979.0,5460193,Europe,3,260,1.0,222.0
Slovakia,2023-03-04,1863377,139,21030.0,1.0,1841086.0,84,1261.0,20,7405734.0,5460193,Europe,3,260,1.0,231.0
Slovakia,2023-03-05,1863398,21,21030.0,0.0,1841112.0,27,1256.0,20,7405889.0,5460193,Europe,3,260,1.0,230.0
Slovakia,2023-03-06,1863398,0,21030.0,0.0,1841112.0,0,1256.0,20,7405889.0,5460193,Europe,3,260,1.0,230.0
Slovenia,2023-03-02,1329081,400,7072.0,1.0,1317828.0,266,4181.0,6,2838261.0,2078034,Europe,2,294,1.0,2012.0
Slovenia,2023-03-03,1329386,305,7073.0,1.0,1318084.0,256,4229.0,8,2838631.0,2078034,Europe,2,294,1.0,2035.0
Slovenia,2023-03-04,1329775,389,7074.0,1.0,1318364.0,279,4337.0,8,2839092.0,2078034,Europe,2,294,1.0,2087.0
Slovenia,2023-03-05,1329877,102,7074.0,0.0,1318458.0,93,4345.0,8,2839240.0,2078034,Europe,2,294,1.0,2091.0
Slovenia,2023-03-06,1329877,0,7074.0,0.0,1318458.0,0,4345.0,8,2839240.0,2078034,Europe,2,294,1.0,2091.0
Somalia,2023-03-02,27324,0,1361.0,0.0,13180.0,0,12783.0,0,400466.0,16841795,Africa,616,"12,375",42.0,759.0
Somalia,2023-03-03,27324,0,1361.0,0.0,13180.0,0,12783.0,0,400466.0,16841795,Africa,616,"12,375",42.0,759.0
Somalia,2023-03-04,27324,0,1361.0,0.0,13180.0,0,12783.0,0,400466.0,16841795,Africa,616,"12,375",42.0,759.0
Somalia,2023-03-05,27324,0,1361.0,0.0,13180.0,0,12783.0,0,400466.0,16841795,Africa,616,"12,375",42.0,759.0
Somalia,2023-03-06,27324,0,1361.0,0.0,13180.0,0,12783.0,0,400466.0,16841795,Africa,616,"12,375",42.0,759.0
South Africa,2023-03-02,4064457,594,102595.0,0.0,3912528.0,0,49334.0,192,26795090.0,60756135,Africa,15,592,2.0,812.0
South Africa,2023-03-03,4064889,432,102595.0,0.0,3912535.0,0,49759.0,192,26795090.0,60756135,Africa,15,592,2.0,819.0
South Africa,2023-03-04,4064889,0,102595.0,0.0,3912535.0,0,49759.0,192,26795090.0,60756135,Africa,15,592,2.0,819.0
South Africa,2023-03-05,4064889,0,102595.0,0.0,3912535.0,0,49759.0,192,26795090.0,60756135,Africa,15,592,2.0,819.0
South Africa,2023-03-06,4064889,0,102595.0,0.0,3912535.0,0,49759.0,192,26795090.0,60756135,Africa,15,592,2.0,819.0
South Sudan,2023-03-02,18368,0,138.0,0.0,18114.0,0,116.0,1,410280.0,11618511,Africa,633,"84,192",28.0,10.0
South Sudan,2023-03-03,18368,0,138.0,0.0,18114.0,0,116.0,1,410280.0,11618511,Africa,633,"84,192",28.0,10.0
South Sudan,2023-03-04,18368,0,138.0,0.0,18114.0,0,116.0,1,410280.0,11618511,Africa,633,"84,192",28.0,10.0
South Sudan,2023-03-05,18368,0,138.0,0.0,18114.0,0,116.0,1,410280.0,11618511,Africa,633,"84,192",28.0,10.0
South Sudan,2023-03-06,18368,0,138.0,0.0,18114.0,0,116.0,1,410280.0,11618511,Africa,633,"84,192",28.0,10.0
Spain,2023-03-02,13769414,1013,119464.0,14.0,13614584.0,1279,35366.0,231,471036328.0,46719142,Europe,3,391,0.0,757.0
Spain,2023-03-03,13770429,1015,119479.0,15.0,13615864.0,1278,35086.0,231,471036328.0,46719142,Europe,3,391,0.0,751.0
Spain,2023-03-04,13770429,0,119479.0,0.0,13615864.0,0,35086.0,231,471036328.0,46719142,Europe,3,391,0.0,751.0
Spain,2023-03-05,13770429,0,119479.0,0.0,13615864.0,0,35086.0,231,471036328.0,46719142,Europe,3,391,0.0,751.0
Spain,2023-03-06,13770429,0,119479.0,0.0,13615864.0,0,35086.0,231,471036328.0,46719142,Europe,3,391,0.0,751.0
Sri Lanka,2023-03-02,672031,0,16830.0,0.0,655200.0,1,1.0,0,6486117.0,21575842,Asia,32,"1,282",3.0,0.05
Sri Lanka,2023-03-03,672032,1,16830.0,0.0,655201.0,1,1.0,0,6486117.0,21575842,Asia,32,"1,282",3.0,0.05
Sri Lanka,2023-03-04,672032,0,16830.0,0.0,655202.0,1,0.0,0,6486117.0,21575842,Asia,32,"1,282",3.0,0.0
Sri Lanka,2023-03-05,672034,2,16830.0,0.0,655202.0,0,2.0,0,6486117.0,21575842,Asia,32,"1,282",3.0,0.09
Sri Lanka,2023-03-06,672034,0,16830.0,0.0,655202.0,0,2.0,0,6486117.0,21575842,Asia,32,"1,282",3.0,0.09
Sudan,2023-03-02,63809,0,5013.0,0.0,58474.0,0,322.0,0,562941.0,45992020,Africa,721,"9,175",82.0,7.0
Sudan,2023-03-03,63809,0,5013.0,0.0,58474.0,0,322.0,0,562941.0,45992020,Africa,721,"9,175",82.0,7.0
Sudan,2023-03-04,63809,0,5013.0,0.0,58474.0,0,322.0,0,562941.0,45992020,Africa,721,"9,175",82.0,7.0
Sudan,2023-03-05,63809,0,5013.0,0.0,58474.0,0,322.0,0,562941.0,45992020,Africa,721,"9,175",82.0,7.0
Sudan,2023-03-06,63809,0,5013.0,0.0,58474.0,8,322.0,0,562941.0,45992020,Africa,721,"9,175",82.0,7.0
Sweden,2023-03-02,2698535,0,23703.0,0.0,2671071.0,424,3761.0,8,19477620.0,10218971,Europe,4,431,1.0,368.0
Sweden,2023-03-03,2698535,0,23703.0,0.0,2671071.0,0,3761.0,8,19477620.0,10218971,Europe,4,431,1.0,368.0
Sweden,2023-03-04,2698535,0,23703.0,0.0,2671378.0,312,3454.0,8,19477620.0,10218971,Europe,4,431,1.0,338.0
Sweden,2023-03-05,2698535,0,23703.0,0.0,2671603.0,218,3229.0,8,19477620.0,10218971,Europe,4,431,1.0,316.0
Sweden,2023-03-06,2698535,0,23703.0,0.0,2671787.0,184,3045.0,8,19477620.0,10218971,Europe,4,431,1.0,298.0
Switzerland,2023-03-02,4391007,0,14452.0,0.0,4373028.0,1777,3527.0,39,23833472.0,8773637,Europe,2,607,0.0,402.0
Switzerland,2023-03-03,4391007,0,14452.0,0.0,4373028.0,0,3527.0,39,23833472.0,8773637,Europe,2,607,0.0,402.0
Switzerland,2023-03-04,4391007,0,14452.0,0.0,4373028.0,0,3527.0,39,23833472.0,8773637,Europe,2,607,0.0,402.0
Switzerland,2023-03-05,4391007,0,14452.0,0.0,4373028.0,0,3527.0,39,23833472.0,8773637,Europe,2,607,0.0,402.0
Switzerland,2023-03-06,4391007,0,14452.0,0.0,4373028.0,0,3527.0,39,23833472.0,8773637,Europe,2,607,0.0,402.0
Syria,2023-03-02,57467,0,3164.0,0.0,54303.0,0,0.0,0,146269.0,19364809,Asia,337,"6,120",132.0,0.0
Syria,2023-03-03,57467,0,3164.0,0.0,54303.0,0,0.0,0,146269.0,19364809,Asia,337,"6,120",132.0,0.0
Syria,2023-03-04,57467,0,3164.0,0.0,54303.0,0,0.0,0,146269.0,19364809,Asia,337,"6,120",132.0,0.0
Syria,2023-03-05,57467,0,3164.0,0.0,54303.0,0,0.0,0,146269.0,19364809,Asia,337,"6,120",132.0,0.0
Syria,2023-03-06,57467,0,3164.0,0.0,54303.0,0,0.0,0,146269.0,19364809,Asia,337,"6,120",132.0,0.0
Taiwan,2023-03-02,10069538,14102,18010.0,35.0,9755644.0,19583,295884.0,0,30742304.0,23888595,Asia,2,"1,326",1.0,12386.0
Taiwan,2023-03-03,10083351,13813,18072.0,62.0,9773886.0,18256,291393.0,0,30742304.0,23888595,Asia,2,"1,322",1.0,12198.0
Taiwan,2023-03-04,10094732,11396,18143.0,71.0,9791025.0,17137,285564.0,0,30742304.0,23888595,Asia,2,"1,317",1.0,11954.0
Taiwan,2023-03-05,10105039,10307,18203.0,60.0,9803613.0,12577,283223.0,0,30742304.0,23888595,Asia,2,"1,312",1.0,11856.0
Taiwan,2023-03-06,10105039,0,18203.0,0.0,9803541.0,0,283295.0,0,30742304.0,23888595,Asia,2,"1,312",1.0,11859.0
Tajikistan,2023-03-02,17786,0,125.0,0.0,17263.0,0,398.0,0,,9957464,Asia,560,"79,660",,40.0
Tajikistan,2023-03-03,17786,0,125.0,0.0,17263.0,0,398.0,0,,9957464,Asia,560,"79,660",,40.0
Tajikistan,2023-03-04,17786,0,125.0,0.0,17263.0,0,398.0,0,,9957464,Asia,560,"79,660",,40.0
Tajikistan,2023-03-05,17786,0,125.0,0.0,17263.0,0,398.0,0,,9957464,Asia,560,"79,660",,40.0
Tajikistan,2023-03-06,17786,0,125.0,0.0,17263.0,0,398.0,0,,9957464,Asia,560,"79,660",,40.0
Tanzania,2023-03-02,42846,0,846.0,0.0,160.0,0,41840.0,7,,63298550,Africa,"1,477","74,821",,661.0
Tanzania,2023-03-03,42846,0,846.0,0.0,160.0,0,41840.0,7,,63298550,Africa,"1,477","74,821",,661.0
Tanzania,2023-03-04,42846,0,846.0,0.0,160.0,0,41840.0,7,,63298550,Africa,"1,477","74,821",,661.0
Tanzania,2023-03-05,42846,0,846.0,0.0,160.0,0,41840.0,7,,63298550,Africa,"1,477","74,821",,661.0
Tanzania,2023-03-06,42846,0,846.0,0.0,160.0,0,41840.0,7,,63298550,Africa,"1,477","74,821",,661.0
Thailand,2023-03-02,4728035,0,33911.0,0.0,4692652.0,0,1472.0,0,17270775.0,70078203,Asia,15,"2,067",4.0,21.0
Thailand,2023-03-03,4728035,0,33911.0,0.0,4692652.0,0,1472.0,0,17270775.0,70078203,Asia,15,"2,067",4.0,21.0
Thailand,2023-03-04,4728035,0,33911.0,0.0,4692652.0,0,1472.0,0,17270775.0,70078203,Asia,15,"2,067",4.0,21.0
Thailand,2023-03-05,4728035,0,33911.0,0.0,4692652.0,0,1472.0,0,17270775.0,70078203,Asia,15,"2,067",4.0,21.0
Thailand,2023-03-06,4728035,0,33911.0,0.0,4692652.0,0,1472.0,0,17270775.0,70078203,Asia,15,"2,067",4.0,21.0
Timor-Leste,2023-03-02,23418,0,138.0,0.0,23102.0,0,178.0,0,278529.0,1369429,Asia,58,"9,923",5.0,130.0
Timor-Leste,2023-03-03,23418,0,138.0,0.0,23102.0,0,178.0,0,278529.0,1369429,Asia,58,"9,923",5.0,130.0
Timor-Leste,2023-03-04,23418,0,138.0,0.0,23102.0,0,178.0,0,278529.0,1369429,Asia,58,"9,923",5.0,130.0
Timor-Leste,2023-03-05,23418,0,138.0,0.0,23102.0,0,178.0,0,278529.0,1369429,Asia,58,"9,923",5.0,130.0
Timor-Leste,2023-03-06,23418,0,138.0,0.0,23102.0,0,178.0,0,278529.0,1369429,Asia,58,"9,923",5.0,130.0
Togo,2023-03-02,39382,5,290.0,0.0,39075.0,4,17.0,0,808447.0,8680837,Africa,220,"29,934",11.0,2.0
Togo,2023-03-03,39382,0,290.0,0.0,39075.0,0,17.0,0,808447.0,8680837,Africa,220,"29,934",11.0,2.0
Togo,2023-03-04,39390,8,290.0,0.0,39074.0,0,26.0,0,808565.0,8680837,Africa,220,"29,934",11.0,3.0
Togo,2023-03-05,39394,4,290.0,0.0,39078.0,3,26.0,0,808655.0,8680837,Africa,220,"29,934",11.0,3.0
Togo,2023-03-06,39394,0,290.0,0.0,39078.0,0,26.0,0,808655.0,8680837,Africa,220,"29,934",11.0,3.0
Trinidad and Tobago,2023-03-02,189296,0,4347.0,0.0,184552.0,0,397.0,8,898169.0,1406585,North America,7,324,2.0,282.0
Trinidad and Tobago,2023-03-03,189296,0,4347.0,0.0,184552.0,0,397.0,8,898169.0,1406585,North America,7,324,2.0,282.0
Trinidad and Tobago,2023-03-04,189296,0,4347.0,0.0,184552.0,0,397.0,8,898169.0,1406585,North America,7,324,2.0,282.0
Trinidad and Tobago,2023-03-05,189296,0,4347.0,0.0,184552.0,0,397.0,8,898169.0,1406585,North America,7,324,2.0,282.0
Trinidad and Tobago,2023-03-06,189296,0,4347.0,0.0,184552.0,0,397.0,8,898169.0,1406585,North America,7,324,2.0,282.0
Tunisia,2023-03-02,1150962,0,29331.0,0.0,1110006.0,0,11625.0,44,5002248.0,12046656,Africa,10,411,2.0,965.0
Tunisia,2023-03-03,1150962,0,29331.0,0.0,1110006.0,0,11625.0,44,5002248.0,12046656,Africa,10,411,2.0,965.0
Tunisia,2023-03-04,1150962,0,29331.0,0.0,1110006.0,0,11625.0,44,5002248.0,12046656,Africa,10,411,2.0,965.0
Tunisia,2023-03-05,1150962,0,29331.0,0.0,1110006.0,0,11625.0,44,5002248.0,12046656,Africa,10,411,2.0,965.0
Tunisia,2023-03-06,1150962,0,29331.0,0.0,1110006.0,0,11625.0,44,5002248.0,12046656,Africa,10,411,2.0,965.0
Turkey,2023-03-02,17042722,0,101492.0,0.0,16785593.0,0,155637.0,0,162743369.0,85561976,Asia,5,843,1.0,1819.0
Turkey,2023-03-03,17042722,0,101492.0,0.0,16785593.0,0,155637.0,0,162743369.0,85561976,Asia,5,843,1.0,1819.0
Turkey,2023-03-04,17042722,0,101492.0,0.0,16785593.0,0,155637.0,0,162743369.0,85561976,Asia,5,843,1.0,1819.0
Turkey,2023-03-05,17042722,0,101492.0,0.0,16785593.0,0,155637.0,0,162743369.0,85561976,Asia,5,843,1.0,1819.0
Turkey,2023-03-06,17042722,0,101492.0,0.0,16785593.0,0,155637.0,0,162743369.0,85561976,Asia,5,843,1.0,1819.0
UAE,2023-03-02,1052247,125,2349.0,0.0,1035360.0,110,14538.0,0,199266544.0,10081785,Asia,10,"4,292",0.0,1442.0
UAE,2023-03-03,1052382,135,2349.0,0.0,1035424.0,59,14609.0,0,199288108.0,10081785,Asia,10,"4,292",0.0,1449.0
UAE,2023-03-04,1052519,137,2349.0,0.0,1035511.0,83,14659.0,0,199309468.0,10081785,Asia,10,"4,292",0.0,1454.0
UAE,2023-03-05,1052519,0,2349.0,0.0,1035511.0,0,14659.0,0,199309468.0,10081785,Asia,10,"4,292",0.0,1454.0
UAE,2023-03-06,1052519,0,2349.0,0.0,1035511.0,0,14659.0,0,199309468.0,10081785,Asia,10,"4,292",0.0,1454.0
UK,2023-03-02,24370154,0,206952.0,0.0,24094567.0,3210,68635.0,0,522526476.0,68497907,Europe,3,331,0.0,1002.0
UK,2023-03-03,24370154,0,206952.0,0.0,24099841.0,5333,63361.0,0,522526476.0,68497907,Europe,3,331,0.0,925.0
UK,2023-03-04,24370154,0,206952.0,0.0,24099499.0,0,63703.0,0,522526476.0,68497907,Europe,3,331,0.0,930.0
UK,2023-03-05,24370154,0,206952.0,0.0,24102239.0,2803,60963.0,0,522526476.0,68497907,Europe,3,331,0.0,890.0
UK,2023-03-06,24370154,0,206952.0,0.0,24106212.0,3964,56990.0,0,522526476.0,68497907,Europe,3,331,0.0,832.0
USA,2023-03-02,105384017,10500,1146630.0,130.0,102790024.0,42067,1447363.0,2561,1167463368.0,334805269,North America,3,292,0.0,4323.0
USA,2023-03-03,105392498,8481,1146723.0,93.0,102846289.0,56219,1399486.0,2726,1167591546.0,334805269,North America,3,292,0.0,4180.0
USA,2023-03-04,105394979,2481,1146735.0,12.0,102861815.0,15312,1386429.0,2726,1167638933.0,334805269,North America,3,292,0.0,4141.0
USA,2023-03-05,105396817,1838,1146740.0,5.0,102864653.0,3013,1385424.0,2726,1167685851.0,334805269,North America,3,292,0.0,4138.0
USA,2023-03-06,105396817,0,1146740.0,0.0,102864653.0,0,1385424.0,2726,1167685851.0,334805269,North America,3,292,0.0,4138.0
Uganda,2023-03-02,170504,0,3630.0,0.0,100424.0,0,66450.0,3,3012408.0,48432863,Africa,284,"13,342",16.0,1372.0
Uganda,2023-03-03,170504,0,3630.0,0.0,100424.0,0,66450.0,3,3012408.0,48432863,Africa,284,"13,342",16.0,1372.0
Uganda,2023-03-04,170504,0,3630.0,0.0,100424.0,0,66450.0,3,3012408.0,48432863,Africa,284,"13,342",16.0,1372.0
Uganda,2023-03-05,170504,0,3630.0,0.0,100424.0,0,66450.0,3,3012408.0,48432863,Africa,284,"13,342",16.0,1372.0
Uganda,2023-03-06,170504,0,3630.0,0.0,100424.0,0,66450.0,3,3012408.0,48432863,Africa,284,"13,342",16.0,1372.0
Ukraine,2023-03-02,5389439,0,111235.0,0.0,5265635.0,0,12569.0,0,32603805.0,43192122,Europe,8,388,1.0,291.0
Ukraine,2023-03-03,5389439,0,111235.0,0.0,5265592.0,0,12612.0,0,32603805.0,43192122,Europe,8,388,1.0,292.0
Ukraine,2023-03-04,5389439,0,111235.0,0.0,5265592.0,0,12612.0,0,32603805.0,43192122,Europe,8,388,1.0,292.0
Ukraine,2023-03-05,5389439,0,111235.0,0.0,5265592.0,0,12612.0,0,32603805.0,43192122,Europe,8,388,1.0,292.0
Ukraine,2023-03-06,5389439,0,111235.0,0.0,5265592.0,0,12612.0,0,32603805.0,43192122,Europe,8,388,1.0,292.0
Uruguay,2023-03-02,1034303,0,7617.0,0.0,1026186.0,0,500.0,18,6114822.0,3496016,South America,3,459,1.0,143.0
Uruguay,2023-03-03,1034303,0,7617.0,0.0,1026186.0,0,500.0,18,6114822.0,3496016,South America,3,459,1.0,143.0
Uruguay,2023-03-04,1034303,0,7617.0,0.0,1026186.0,0,500.0,18,6114822.0,3496016,South America,3,459,1.0,143.0
Uruguay,2023-03-05,1034303,0,7617.0,0.0,1026186.0,0,500.0,18,6114822.0,3496016,South America,3,459,1.0,143.0
Uruguay,2023-03-06,1034303,0,7617.0,0.0,1026186.0,0,500.0,18,6114822.0,3496016,South America,3,459,1.0,143.0
Uzbekistan,2023-03-02,251071,0,1637.0,0.0,241492.0,0,7942.0,23,1377915.0,34382084,Asia,137,"21,003",25.0,231.0
Uzbekistan,2023-03-03,251071,0,1637.0,0.0,241492.0,0,7942.0,23,1377915.0,34382084,Asia,137,"21,003",25.0,231.0
Uzbekistan,2023-03-04,251071,0,1637.0,0.0,241492.0,0,7942.0,23,1377915.0,34382084,Asia,137,"21,003",25.0,231.0
Uzbekistan,2023-03-05,251071,0,1637.0,0.0,241492.0,0,7942.0,23,1377915.0,34382084,Asia,137,"21,003",25.0,231.0
Uzbekistan,2023-03-06,251071,0,1637.0,0.0,241492.0,0,7942.0,23,1377915.0,34382084,Asia,137,"21,003",25.0,231.0
Venezuela,2023-03-02,552014,28,5854.0,0.0,545897.0,13,263.0,36,3359014.0,29266991,South America,53,"4,999",9.0,9.0
Venezuela,2023-03-03,552014,0,5854.0,0.0,545897.0,0,263.0,36,3359014.0,29266991,South America,53,"4,999",9.0,9.0
Venezuela,2023-03-04,552051,17,5854.0,0.0,545904.0,12,293.0,36,3359014.0,29266991,South America,53,"4,999",9.0,10.0
Venezuela,2023-03-05,552051,0,5854.0,0.0,545904.0,0,293.0,36,3359014.0,29266991,South America,53,"4,999",9.0,10.0
Venezuela,2023-03-06,552051,0,5854.0,0.0,545904.0,0,293.0,36,3359014.0,29266991,South America,53,"4,999",9.0,10.0
Vietnam,2023-03-02,11526937,11,43186.0,0.0,10614741.0,6,869010.0,4,85826548.0,98953541,Asia,9,"2,291",1.0,8782.0
Vietnam,2023-03-03,11526950,13,43186.0,0.0,10614754.0,5,869010.0,5,85826548.0,98953541,Asia,9,"2,291",1.0,8782.0
Vietnam,2023-03-04,11526962,12,43186.0,0.0,10614766.0,0,869010.0,3,85826548.0,98953541,Asia,9,"2,291",1.0,8782.0
Vietnam,2023-03-05,11526966,4,43186.0,0.0,10614770.0,2,869010.0,3,85826548.0,98953541,Asia,9,"2,291",1.0,8782.0
Vietnam,2023-03-06,11526966,0,43186.0,0.0,10614770.0,0,869010.0,3,85826548.0,98953541,Asia,9,"2,291",1.0,8782.0
Yemen,2023-03-02,11945,0,2159.0,0.0,9132.0,0,654.0,23,329592.0,31154867,Asia,"2,608","14,430",95.0,21.0
Yemen,2023-03-03,11945,0,2159.0,0.0,9132.0,0,654.0,23,329592.0,31154867,Asia,"2,608","14,430",95.0,21.0
Yemen,2023-03-04,11945,0,2159.0,0.0,9132.0,0,654.0,23,329592.0,31154867,Asia,"2,608","14,430",95.0,21.0
Yemen,2023-03-05,11945,0,2159.0,0.0,9132.0,0,654.0,23,329592.0,31154867,Asia,"2,608","14,430",95.0,21.0
Yemen,2023-03-06,11945,0,2159.0,0.0,9132.0,0,654.0,23,329592.0,31154867,Asia,"2,608","14,430",95.0,21.0
Zambia,2023-03-02,343079,67,4057.0,0.0,338730.0,74,292.0,0,3937973.0,19470234,Africa,57,"4,799",5.0,15.0
Zambia,2023-03-03,343079,0,4057.0,0.0,338730.0,0,292.0,0,3937973.0,19470234,Africa,57,"4,799",5.0,15.0
Zambia,2023-03-04,343123,44,4057.0,0.0,338832.0,94,234.0,0,3937973.0,19470234,Africa,57,"4,799",5.0,12.0
Zambia,2023-03-05,343135,12,4057.0,0.0,338844.0,26,234.0,0,3943335.0,19470234,Africa,57,"4,799",5.0,12.0
Zambia,2023-03-06,343135,0,4057.0,0.0,338844.0,0,234.0,0,3943335.0,19470234,Africa,57,"4,799",5.0,12.0
Zimbabwe,2023-03-02,264127,0,5668.0,0.0,257846.0,0,613.0,12,2525756.0,15331428,Africa,58,"2,705",6.0,40.0
Zimbabwe,2023-03-03,264127,0,5668.0,0.0,257846.0,0,613.0,12,2525756.0,15331428,Africa,58,"2,705",6.0,40.0
Zimbabwe,2023-03-04,264127,0,5668.0,0.0,257846.0,0,613.0,12,2525756.0,15331428,Africa,58,"2,705",6.0,40.0
Zimbabwe,2023-03-05,264127,0,5668.0,0.0,257846.0,0,613.0,12,2525756.0,15331428,Africa,58,"2,705",6.0,40.0
Zimbabwe,2023-03-06,264127,0,5668.0,0.0,257846.0,0,613.0,12,2525756.0,15331428,Africa,58,"2,705",6.0,40.0
